id,combinacao,fold,y_true,y_pred,y_prob
Benign_1,img_original,1,0,0,"[0.9814557433128357, 0.01854432187974453]"
Benign_4,img_original,1,0,0,"[0.9989833235740662, 0.0010166143765673041]"
Benign_7,img_original,1,0,0,"[0.9959715008735657, 0.004028502386063337]"
Benign_9,img_original,1,0,0,"[0.9591269493103027, 0.04087299853563309]"
Benign_13,img_original,1,0,0,"[0.9379821419715881, 0.06201786920428276]"
Benign_15,img_original,1,0,0,"[0.9864148497581482, 0.013585204258561134]"
Benign_26,img_original,1,0,0,"[0.9614748954772949, 0.03852513059973717]"
Benign_36,img_original,1,0,0,"[0.9730289578437805, 0.02697109617292881]"
Benign_38,img_original,1,0,0,"[0.7924163341522217, 0.20758368074893951]"
Benign_41,img_original,1,0,0,"[0.9916937947273254, 0.00830615684390068]"
Benign_43,img_original,1,0,0,"[0.94046950340271, 0.05953051894903183]"
Benign_57,img_original,1,0,0,"[0.9290594458580017, 0.0709405168890953]"
Benign_65,img_original,1,0,0,"[0.9643053412437439, 0.035694606602191925]"
Benign_68,img_original,1,0,0,"[0.9557549953460693, 0.044245027005672455]"
Benign_73,img_original,1,0,0,"[0.984066367149353, 0.015933575108647346]"
Malignant_6,img_original,1,1,1,"[0.0001173974887933582, 0.9998825788497925]"
Malignant_8,img_original,1,1,1,"[0.13713297247886658, 0.8628669381141663]"
Malignant_15,img_original,1,1,1,"[0.0011486979201436043, 0.9988512992858887]"
Malignant_17,img_original,1,1,1,"[6.858167580503505e-07, 0.9999992847442627]"
Malignant_19,img_original,1,1,1,"[0.01182285975664854, 0.9881771206855774]"
Malignant_20,img_original,1,1,1,"[0.018784306943416595, 0.9812156558036804]"
Malignant_32,img_original,1,1,1,"[7.707007171120495e-05, 0.9999228715896606]"
Malignant_35,img_original,1,1,1,"[0.2556893527507782, 0.7443105578422546]"
Malignant_46,img_original,1,1,1,"[0.07275088131427765, 0.9272491335868835]"
Malignant_47,img_original,1,1,1,"[8.208932740672026e-06, 0.999991774559021]"
Malignant_65,img_original,1,1,1,"[0.0009514531120657921, 0.9990485310554504]"
Malignant_66,img_original,1,1,1,"[0.03493126109242439, 0.9650686979293823]"
Malignant_69,img_original,1,1,1,"[0.08917523920536041, 0.9108247756958008]"
Malignant_74,img_original,1,1,1,"[0.07951876521110535, 0.920481264591217]"
Malignant_76,img_original,1,1,1,"[1.5502711903536692e-05, 0.9999845027923584]"
Malignant_77,img_original,1,1,1,"[7.395674765575677e-05, 0.9999260902404785]"
Malignant_78,img_original,1,1,1,"[7.107471901690587e-06, 0.999992847442627]"
Malignant_82,img_original,1,1,1,"[0.00022929126862436533, 0.9997707009315491]"
Benign_3,img_original,2,0,0,"[0.999806821346283, 0.00019315605459269136]"
Benign_5,img_original,2,0,0,"[0.9795767068862915, 0.020423278212547302]"
Benign_16,img_original,2,0,0,"[0.9992592930793762, 0.0007406611694023013]"
Benign_22,img_original,2,0,0,"[0.9398953318595886, 0.06010468304157257]"
Benign_32,img_original,2,0,0,"[0.9891083240509033, 0.010891715064644814]"
Benign_34,img_original,2,0,0,"[0.9930182695388794, 0.006981720216572285]"
Benign_39,img_original,2,0,0,"[0.9994094371795654, 0.0005905398284085095]"
Benign_49,img_original,2,0,0,"[0.9946854114532471, 0.005314563866704702]"
Benign_50,img_original,2,0,1,"[0.022984489798545837, 0.977015495300293]"
Benign_52,img_original,2,0,0,"[0.9976934790611267, 0.0023064797278493643]"
Benign_54,img_original,2,0,0,"[0.9802008867263794, 0.01979908160865307]"
Benign_62,img_original,2,0,0,"[0.9999876022338867, 1.2341574802121613e-05]"
Benign_67,img_original,2,0,1,"[0.433310329914093, 0.566689670085907]"
Benign_69,img_original,2,0,0,"[0.9684338569641113, 0.03156614676117897]"
Benign_70,img_original,2,0,0,"[0.9998351335525513, 0.00016480938938912004]"
Malignant_1,img_original,2,1,1,"[0.024504149332642555, 0.9754958748817444]"
Malignant_4,img_original,2,1,1,"[0.0025017729494720697, 0.9974982142448425]"
Malignant_10,img_original,2,1,1,"[0.0027800919488072395, 0.9972199201583862]"
Malignant_11,img_original,2,1,1,"[0.022916078567504883, 0.9770838618278503]"
Malignant_14,img_original,2,1,1,"[0.023097030818462372, 0.976902961730957]"
Malignant_21,img_original,2,1,1,"[0.004295388702303171, 0.9957045912742615]"
Malignant_31,img_original,2,1,1,"[0.0002293059224030003, 0.9997707009315491]"
Malignant_34,img_original,2,1,1,"[0.04837173968553543, 0.9516282677650452]"
Malignant_53,img_original,2,1,1,"[0.0013290756614878774, 0.9986709356307983]"
Malignant_54,img_original,2,1,1,"[0.026119930669665337, 0.9738799929618835]"
Malignant_60,img_original,2,1,1,"[1.6880211717307247e-07, 0.9999998807907104]"
Malignant_64,img_original,2,1,1,"[0.002705514896661043, 0.9972944855690002]"
Malignant_67,img_original,2,1,1,"[5.849925582879223e-05, 0.9999414682388306]"
Malignant_70,img_original,2,1,1,"[0.0005969867343083024, 0.9994029998779297]"
Malignant_72,img_original,2,1,1,"[2.9272596293594688e-05, 0.9999706745147705]"
Malignant_83,img_original,2,1,1,"[2.8707540877803694e-06, 0.9999971389770508]"
Malignant_86,img_original,2,1,1,"[0.0006501704920083284, 0.9993497729301453]"
Malignant_87,img_original,2,1,1,"[8.152212103595957e-05, 0.9999184608459473]"
Benign_8,img_original,3,0,0,"[0.9842525124549866, 0.015747521072626114]"
Benign_12,img_original,3,0,0,"[0.9937465190887451, 0.006253449711948633]"
Benign_19,img_original,3,0,0,"[0.9904429316520691, 0.009557065553963184]"
Benign_20,img_original,3,0,0,"[0.9418097138404846, 0.058190204203128815]"
Benign_23,img_original,3,0,0,"[0.7172542214393616, 0.28274574875831604]"
Benign_24,img_original,3,0,0,"[0.9449300765991211, 0.05506996810436249]"
Benign_28,img_original,3,0,0,"[0.7593644261360168, 0.24063554406166077]"
Benign_29,img_original,3,0,0,"[0.9785807132720947, 0.021419283002614975]"
Benign_35,img_original,3,0,0,"[0.9892537593841553, 0.010746258310973644]"
Benign_40,img_original,3,0,0,"[0.9894058108329773, 0.010594173334538937]"
Benign_44,img_original,3,0,0,"[0.9953274726867676, 0.004672490060329437]"
Benign_51,img_original,3,0,0,"[0.987687885761261, 0.012312094680964947]"
Benign_58,img_original,3,0,0,"[0.9994474053382874, 0.0005526438471861184]"
Benign_61,img_original,3,0,0,"[0.9775162935256958, 0.022483645007014275]"
Benign_63,img_original,3,0,0,"[0.998684823513031, 0.0013151986058801413]"
Malignant_2,img_original,3,1,1,"[0.20402896404266357, 0.7959710359573364]"
Malignant_9,img_original,3,1,1,"[0.007949937134981155, 0.9920501112937927]"
Malignant_13,img_original,3,1,1,"[0.013416750356554985, 0.9865832924842834]"
Malignant_26,img_original,3,1,1,"[0.008527712896466255, 0.9914723038673401]"
Malignant_27,img_original,3,1,1,"[0.002897965256124735, 0.9971019625663757]"
Malignant_36,img_original,3,1,1,"[0.033311571925878525, 0.9666884541511536]"
Malignant_37,img_original,3,1,1,"[0.004079085309058428, 0.9959208965301514]"
Malignant_41,img_original,3,1,1,"[0.01776277646422386, 0.9822371602058411]"
Malignant_45,img_original,3,1,1,"[0.015406088903546333, 0.9845938682556152]"
Malignant_48,img_original,3,1,1,"[0.0021298646461218596, 0.9978700876235962]"
Malignant_50,img_original,3,1,1,"[9.878551645670086e-05, 0.9999011754989624]"
Malignant_55,img_original,3,1,1,"[0.002802593633532524, 0.9971973896026611]"
Malignant_56,img_original,3,1,1,"[0.0002778393682092428, 0.9997221827507019]"
Malignant_58,img_original,3,1,1,"[0.03694722056388855, 0.9630528092384338]"
Malignant_62,img_original,3,1,1,"[2.8586091502802446e-05, 0.9999713897705078]"
Malignant_81,img_original,3,1,1,"[0.0004533736500889063, 0.9995465874671936]"
Malignant_84,img_original,3,1,1,"[5.2450166549533606e-05, 0.9999475479125977]"
Malignant_88,img_original,3,1,1,"[0.00046236577327363193, 0.9995377063751221]"
Benign_10,img_original,4,0,0,"[0.9995062351226807, 0.0004937974736094475]"
Benign_14,img_original,4,0,0,"[0.9999302625656128, 6.9741829065606e-05]"
Benign_17,img_original,4,0,0,"[0.9715781807899475, 0.02842179499566555]"
Benign_18,img_original,4,0,0,"[0.9990946054458618, 0.0009053641115315259]"
Benign_27,img_original,4,0,0,"[0.7953490018844604, 0.20465096831321716]"
Benign_30,img_original,4,0,0,"[0.9680982232093811, 0.031901765614748]"
Benign_31,img_original,4,0,0,"[0.6409714221954346, 0.35902854800224304]"
Benign_33,img_original,4,0,0,"[0.9898916482925415, 0.010108363814651966]"
Benign_37,img_original,4,0,0,"[0.5538679957389832, 0.44613200426101685]"
Benign_42,img_original,4,0,0,"[0.9998714923858643, 0.00012850532948505133]"
Benign_46,img_original,4,0,0,"[0.9999597072601318, 4.023959263577126e-05]"
Benign_47,img_original,4,0,0,"[0.9380599856376648, 0.061940014362335205]"
Benign_53,img_original,4,0,0,"[0.9999653100967407, 3.467982969596051e-05]"
Benign_66,img_original,4,0,0,"[0.9979379773139954, 0.002061995677649975]"
Benign_74,img_original,4,0,0,"[0.9999960660934448, 3.918171387340408e-06]"
Malignant_5,img_original,4,1,1,"[0.13869738578796387, 0.8613026142120361]"
Malignant_12,img_original,4,1,1,"[0.0003021334414370358, 0.9996979236602783]"
Malignant_22,img_original,4,1,1,"[0.0271576140075922, 0.9728423953056335]"
Malignant_23,img_original,4,1,1,"[0.00022716332750860602, 0.999772846698761]"
Malignant_28,img_original,4,1,1,"[0.0004802512121386826, 0.9995197057723999]"
Malignant_30,img_original,4,1,1,"[9.685376426205039e-06, 0.9999903440475464]"
Malignant_33,img_original,4,1,1,"[8.972535579232499e-05, 0.9999102354049683]"
Malignant_42,img_original,4,1,1,"[0.02264522574841976, 0.9773548245429993]"
Malignant_44,img_original,4,1,1,"[0.0020243783947080374, 0.9979756474494934]"
Malignant_49,img_original,4,1,1,"[0.00011550667113624513, 0.9998844861984253]"
Malignant_52,img_original,4,1,1,"[6.136846059234813e-05, 0.9999386072158813]"
Malignant_61,img_original,4,1,1,"[3.017014569195453e-05, 0.9999698400497437]"
Malignant_63,img_original,4,1,1,"[1.030683870339999e-05, 0.9999897480010986]"
Malignant_71,img_original,4,1,1,"[0.045252662152051926, 0.9547473788261414]"
Malignant_75,img_original,4,1,1,"[0.0015028886264190078, 0.9984971284866333]"
Malignant_79,img_original,4,1,1,"[0.0001861927448771894, 0.9998138546943665]"
Malignant_80,img_original,4,1,1,"[8.92399184522219e-05, 0.9999107122421265]"
Malignant_85,img_original,4,1,1,"[0.0038006757386028767, 0.9961993098258972]"
Benign_2,img_original,5,0,0,"[0.9914531707763672, 0.00854678638279438]"
Benign_6,img_original,5,0,0,"[0.9996764659881592, 0.0003236067423131317]"
Benign_11,img_original,5,0,0,"[0.9999457597732544, 5.418803630163893e-05]"
Benign_21,img_original,5,0,0,"[0.9976527094841003, 0.0023473496548831463]"
Benign_25,img_original,5,0,0,"[0.9767846465110779, 0.023215310648083687]"
Benign_45,img_original,5,0,0,"[0.997590184211731, 0.0024098700378090143]"
Benign_48,img_original,5,0,0,"[0.9998358488082886, 0.0001640882546780631]"
Benign_55,img_original,5,0,0,"[0.997065007686615, 0.002935027005150914]"
Benign_56,img_original,5,0,0,"[0.5039891004562378, 0.4960108995437622]"
Benign_59,img_original,5,0,0,"[0.9992480874061584, 0.0007518904167227447]"
Benign_60,img_original,5,0,0,"[0.9997836947441101, 0.00021633108553942293]"
Benign_64,img_original,5,0,0,"[0.9999803304672241, 1.968007745745126e-05]"
Benign_71,img_original,5,0,0,"[0.9998352527618408, 0.00016467021487187594]"
Benign_72,img_original,5,0,0,"[0.9998728036880493, 0.0001272109366254881]"
Malignant_3,img_original,5,1,1,"[0.035517990589141846, 0.9644819498062134]"
Malignant_7,img_original,5,1,0,"[0.9299643039703369, 0.07003570348024368]"
Malignant_16,img_original,5,1,1,"[0.03001764602959156, 0.9699823260307312]"
Malignant_18,img_original,5,1,1,"[0.0028218210209161043, 0.9971781969070435]"
Malignant_24,img_original,5,1,1,"[0.010157468728721142, 0.9898425936698914]"
Malignant_25,img_original,5,1,1,"[0.020840870216488838, 0.9791591167449951]"
Malignant_29,img_original,5,1,1,"[0.057057738304138184, 0.9429423213005066]"
Malignant_38,img_original,5,1,1,"[0.0015325791900977492, 0.9984673857688904]"
Malignant_39,img_original,5,1,1,"[0.3989280164241791, 0.6010720133781433]"
Malignant_40,img_original,5,1,1,"[0.0010109503054991364, 0.9989890456199646]"
Malignant_43,img_original,5,1,1,"[0.001189405214972794, 0.9988106489181519]"
Malignant_51,img_original,5,1,1,"[0.07312516868114471, 0.9268748164176941]"
Malignant_57,img_original,5,1,0,"[0.5254268050193787, 0.47457316517829895]"
Malignant_59,img_original,5,1,1,"[0.044119007885456085, 0.9558809995651245]"
Malignant_68,img_original,5,1,1,"[0.0029880490619689226, 0.9970118999481201]"
Malignant_73,img_original,5,1,1,"[0.040249425917863846, 0.9597505927085876]"
Malignant_89,img_original,5,1,1,"[0.004706846084445715, 0.9952930808067322]"
Malignant_90,img_original,5,1,1,"[0.053379613906145096, 0.9466203451156616]"
Malignant_91,img_original,5,1,1,"[0.02180979959666729, 0.9781901836395264]"
Benign_1,recplot,1,0,0,"[0.9393442273139954, 0.06065576151013374]"
Benign_4,recplot,1,0,0,"[0.9961320161819458, 0.003868012921884656]"
Benign_7,recplot,1,0,0,"[0.9784364104270935, 0.02156360074877739]"
Benign_9,recplot,1,0,0,"[0.9991781115531921, 0.0008218163857236505]"
Benign_13,recplot,1,0,0,"[0.9994226694107056, 0.0005773999146185815]"
Benign_15,recplot,1,0,1,"[0.0006207342958077788, 0.9993792772293091]"
Benign_26,recplot,1,0,0,"[0.605029284954071, 0.3949706554412842]"
Benign_36,recplot,1,0,0,"[0.9992927312850952, 0.0007072509033605456]"
Benign_38,recplot,1,0,0,"[0.9987388253211975, 0.0012611636193469167]"
Benign_41,recplot,1,0,0,"[0.9899346232414246, 0.010065335780382156]"
Benign_43,recplot,1,0,0,"[0.9999364614486694, 6.347792077576742e-05]"
Benign_57,recplot,1,0,0,"[0.9995506405830383, 0.00044939020881429315]"
Benign_65,recplot,1,0,1,"[0.4895613491535187, 0.5104386806488037]"
Benign_68,recplot,1,0,0,"[0.9998241066932678, 0.00017593939264770597]"
Benign_73,recplot,1,0,0,"[0.9992324113845825, 0.0007675893139094114]"
Malignant_6,recplot,1,1,1,"[0.00028857123106718063, 0.9997114539146423]"
Malignant_8,recplot,1,1,1,"[0.00025126917171292007, 0.9997487664222717]"
Malignant_15,recplot,1,1,1,"[0.00038588792085647583, 0.9996141195297241]"
Malignant_17,recplot,1,1,1,"[9.931719250744209e-05, 0.9999006986618042]"
Malignant_19,recplot,1,1,1,"[0.2353401780128479, 0.7646598219871521]"
Malignant_20,recplot,1,1,1,"[3.711896715685725e-05, 0.9999629259109497]"
Malignant_32,recplot,1,1,1,"[0.026035208255052567, 0.9739648103713989]"
Malignant_35,recplot,1,1,1,"[0.4622308313846588, 0.5377691984176636]"
Malignant_46,recplot,1,1,1,"[0.00011324312072247267, 0.9998867511749268]"
Malignant_47,recplot,1,1,1,"[0.001187033485621214, 0.9988130331039429]"
Malignant_65,recplot,1,1,1,"[0.00013844390923622996, 0.999861478805542]"
Malignant_66,recplot,1,1,0,"[0.7664062976837158, 0.2335936725139618]"
Malignant_69,recplot,1,1,1,"[4.466373138711788e-05, 0.9999552965164185]"
Malignant_74,recplot,1,1,1,"[2.7014371880795807e-05, 0.999972939491272]"
Malignant_76,recplot,1,1,1,"[0.00010097624181071296, 0.9998990297317505]"
Malignant_77,recplot,1,1,0,"[0.9965972304344177, 0.0034027595538645983]"
Malignant_78,recplot,1,1,1,"[7.112349703675136e-05, 0.9999288320541382]"
Malignant_82,recplot,1,1,1,"[0.00020093959756195545, 0.9997990727424622]"
Benign_3,recplot,2,0,0,"[0.961414098739624, 0.03858588635921478]"
Benign_5,recplot,2,0,0,"[0.9643146395683289, 0.035685375332832336]"
Benign_16,recplot,2,0,1,"[0.0008098288672044873, 0.9991901516914368]"
Benign_22,recplot,2,0,0,"[0.999661922454834, 0.0003380341804586351]"
Benign_32,recplot,2,0,0,"[0.9866523146629333, 0.01334767322987318]"
Benign_34,recplot,2,0,0,"[0.999039351940155, 0.0009606530074961483]"
Benign_39,recplot,2,0,1,"[0.00012826049351133406, 0.9998717308044434]"
Benign_49,recplot,2,0,1,"[0.29989001154899597, 0.7001100182533264]"
Benign_50,recplot,2,0,1,"[0.3507029712200165, 0.6492970585823059]"
Benign_52,recplot,2,0,1,"[0.4234817624092102, 0.576518177986145]"
Benign_54,recplot,2,0,0,"[0.9863225221633911, 0.013677520677447319]"
Benign_62,recplot,2,0,0,"[0.5353496670722961, 0.46465036273002625]"
Benign_67,recplot,2,0,0,"[0.9924351572990417, 0.007564758416265249]"
Benign_69,recplot,2,0,0,"[0.7943921685218811, 0.20560787618160248]"
Benign_70,recplot,2,0,0,"[0.8706746697425842, 0.12932534515857697]"
Malignant_1,recplot,2,1,1,"[0.13101740181446075, 0.8689826130867004]"
Malignant_4,recplot,2,1,1,"[7.719042514509056e-06, 0.9999922513961792]"
Malignant_10,recplot,2,1,1,"[0.0004953824100084603, 0.999504566192627]"
Malignant_11,recplot,2,1,1,"[0.18364548683166504, 0.8163545727729797]"
Malignant_14,recplot,2,1,1,"[0.000305683322949335, 0.9996943473815918]"
Malignant_21,recplot,2,1,0,"[0.7446245551109314, 0.2553754448890686]"
Malignant_31,recplot,2,1,1,"[5.135643277753843e-06, 0.9999948740005493]"
Malignant_34,recplot,2,1,1,"[0.00020225765183568, 0.9997977614402771]"
Malignant_53,recplot,2,1,1,"[0.010607147589325905, 0.989392876625061]"
Malignant_54,recplot,2,1,1,"[0.3734908998012543, 0.6265091300010681]"
Malignant_60,recplot,2,1,1,"[1.987991163332481e-05, 0.999980092048645]"
Malignant_64,recplot,2,1,1,"[0.0015336807118728757, 0.9984663724899292]"
Malignant_67,recplot,2,1,1,"[1.7992499579122523e-06, 0.9999982118606567]"
Malignant_70,recplot,2,1,1,"[9.833186049945652e-05, 0.9999016523361206]"
Malignant_72,recplot,2,1,1,"[0.0013501677894964814, 0.9986498951911926]"
Malignant_83,recplot,2,1,1,"[1.860241718532052e-05, 0.9999814033508301]"
Malignant_86,recplot,2,1,1,"[2.4714790924917907e-06, 0.9999974966049194]"
Malignant_87,recplot,2,1,1,"[0.008133367635309696, 0.9918666481971741]"
Benign_8,recplot,3,0,0,"[0.9998846054077148, 0.00011533211363712326]"
Benign_12,recplot,3,0,0,"[0.9489309191703796, 0.05106907710433006]"
Benign_19,recplot,3,0,0,"[0.8573804497718811, 0.1426195353269577]"
Benign_20,recplot,3,0,0,"[0.8888909816741943, 0.11110901832580566]"
Benign_23,recplot,3,0,0,"[0.9795935153961182, 0.020406465977430344]"
Benign_24,recplot,3,0,0,"[0.9754617214202881, 0.024538274854421616]"
Benign_28,recplot,3,0,0,"[0.9998997449874878, 0.00010027740063378587]"
Benign_29,recplot,3,0,0,"[0.9998339414596558, 0.0001660191483097151]"
Benign_35,recplot,3,0,0,"[0.9998332262039185, 0.00016669757314957678]"
Benign_40,recplot,3,0,0,"[0.9998968839645386, 0.00010315129475202411]"
Benign_44,recplot,3,0,0,"[0.9992396831512451, 0.0007603427511639893]"
Benign_51,recplot,3,0,0,"[0.7372676730155945, 0.2627323567867279]"
Benign_58,recplot,3,0,0,"[0.8792127966880798, 0.12078724056482315]"
Benign_61,recplot,3,0,0,"[0.9937645196914673, 0.006235417444258928]"
Benign_63,recplot,3,0,0,"[0.8002581596374512, 0.19974182546138763]"
Malignant_2,recplot,3,1,1,"[0.011936305090785027, 0.988063633441925]"
Malignant_9,recplot,3,1,1,"[0.010381972417235374, 0.9896180033683777]"
Malignant_13,recplot,3,1,1,"[0.0015173343708738685, 0.9984826445579529]"
Malignant_26,recplot,3,1,1,"[0.006046226713806391, 0.9939537644386292]"
Malignant_27,recplot,3,1,1,"[0.003220610087737441, 0.9967793822288513]"
Malignant_36,recplot,3,1,1,"[0.2850840985774994, 0.7149158120155334]"
Malignant_37,recplot,3,1,1,"[0.057846684008836746, 0.9421533346176147]"
Malignant_41,recplot,3,1,1,"[0.00017290179675910622, 0.9998270869255066]"
Malignant_45,recplot,3,1,1,"[5.142146983416751e-05, 0.9999486207962036]"
Malignant_48,recplot,3,1,1,"[0.007597398478537798, 0.9924026727676392]"
Malignant_50,recplot,3,1,0,"[0.9906314611434937, 0.009368561208248138]"
Malignant_55,recplot,3,1,1,"[0.022301124408841133, 0.977698802947998]"
Malignant_56,recplot,3,1,1,"[0.04650785028934479, 0.9534921050071716]"
Malignant_58,recplot,3,1,0,"[0.7095631957054138, 0.2904367744922638]"
Malignant_62,recplot,3,1,0,"[0.8484929800033569, 0.15150701999664307]"
Malignant_81,recplot,3,1,1,"[0.0063287061639130116, 0.9936712980270386]"
Malignant_84,recplot,3,1,1,"[4.8612302634865046e-05, 0.9999513626098633]"
Malignant_88,recplot,3,1,1,"[0.00034691760083660483, 0.9996531009674072]"
Benign_10,recplot,4,0,0,"[0.9986445307731628, 0.0013554339529946446]"
Benign_14,recplot,4,0,0,"[0.9812084436416626, 0.018791569396853447]"
Benign_17,recplot,4,0,0,"[0.998830258846283, 0.0011697241570800543]"
Benign_18,recplot,4,0,0,"[0.9933457374572754, 0.0066542173735797405]"
Benign_27,recplot,4,0,0,"[0.9991371035575867, 0.0008628802606835961]"
Benign_30,recplot,4,0,1,"[0.0058067478239536285, 0.9941932559013367]"
Benign_31,recplot,4,0,0,"[0.9986530542373657, 0.0013469541445374489]"
Benign_33,recplot,4,0,0,"[0.9995937943458557, 0.0004062633670400828]"
Benign_37,recplot,4,0,1,"[0.006413260940462351, 0.9935867190361023]"
Benign_42,recplot,4,0,0,"[0.8084676861763, 0.19153235852718353]"
Benign_46,recplot,4,0,0,"[0.9973032474517822, 0.0026966927107423544]"
Benign_47,recplot,4,0,0,"[0.9907978773117065, 0.009202089160680771]"
Benign_53,recplot,4,0,0,"[0.9984647035598755, 0.0015352789778262377]"
Benign_66,recplot,4,0,0,"[0.9974935054779053, 0.0025064931251108646]"
Benign_74,recplot,4,0,0,"[0.9967886209487915, 0.0032114586792886257]"
Malignant_5,recplot,4,1,1,"[0.0002628816873766482, 0.9997370839118958]"
Malignant_12,recplot,4,1,1,"[0.08387958258390427, 0.9161204695701599]"
Malignant_22,recplot,4,1,1,"[0.10772392153739929, 0.8922761082649231]"
Malignant_23,recplot,4,1,1,"[0.0002662645420059562, 0.9997337460517883]"
Malignant_28,recplot,4,1,1,"[0.014403027482330799, 0.9855969548225403]"
Malignant_30,recplot,4,1,1,"[0.008666394278407097, 0.991333544254303]"
Malignant_33,recplot,4,1,1,"[0.0003503595944494009, 0.9996496438980103]"
Malignant_42,recplot,4,1,1,"[0.0019100831123068929, 0.9980898499488831]"
Malignant_44,recplot,4,1,1,"[4.323341727285879e-06, 0.9999957084655762]"
Malignant_49,recplot,4,1,1,"[0.24734598398208618, 0.7526540756225586]"
Malignant_52,recplot,4,1,1,"[0.4251399040222168, 0.5748600959777832]"
Malignant_61,recplot,4,1,1,"[0.0032067999709397554, 0.9967932105064392]"
Malignant_63,recplot,4,1,1,"[0.004084068816155195, 0.995915949344635]"
Malignant_71,recplot,4,1,0,"[0.9829720854759216, 0.017027925699949265]"
Malignant_75,recplot,4,1,1,"[0.05214761942625046, 0.947852373123169]"
Malignant_79,recplot,4,1,1,"[0.008802950382232666, 0.9911971092224121]"
Malignant_80,recplot,4,1,1,"[0.00031103158835321665, 0.999688982963562]"
Malignant_85,recplot,4,1,1,"[0.0394374243915081, 0.960562527179718]"
Benign_2,recplot,5,0,0,"[0.9999464750289917, 5.3534397011389956e-05]"
Benign_6,recplot,5,0,1,"[0.046183668076992035, 0.9538163542747498]"
Benign_11,recplot,5,0,0,"[0.9970806241035461, 0.002919403836131096]"
Benign_21,recplot,5,0,0,"[0.9992982149124146, 0.0007017967873252928]"
Benign_25,recplot,5,0,0,"[0.9976600408554077, 0.002339939819648862]"
Benign_45,recplot,5,0,1,"[0.2892771363258362, 0.7107228636741638]"
Benign_48,recplot,5,0,0,"[0.9999735355377197, 2.6522217012825422e-05]"
Benign_55,recplot,5,0,0,"[0.9921976923942566, 0.007802329491823912]"
Benign_56,recplot,5,0,1,"[0.20292502641677856, 0.7970749139785767]"
Benign_59,recplot,5,0,0,"[0.9992702603340149, 0.0007297564297914505]"
Benign_60,recplot,5,0,0,"[0.9986820816993713, 0.0013178774388507009]"
Benign_64,recplot,5,0,0,"[0.9997819066047668, 0.00021806232689414173]"
Benign_71,recplot,5,0,1,"[0.024148309603333473, 0.9758516550064087]"
Benign_72,recplot,5,0,0,"[0.9999653100967407, 3.47413333656732e-05]"
Malignant_3,recplot,5,1,1,"[0.0002036926889559254, 0.9997963309288025]"
Malignant_7,recplot,5,1,1,"[0.011520909145474434, 0.9884790778160095]"
Malignant_16,recplot,5,1,1,"[0.02045980840921402, 0.979540228843689]"
Malignant_18,recplot,5,1,1,"[0.004977086093276739, 0.9950228929519653]"
Malignant_24,recplot,5,1,1,"[0.0439329594373703, 0.9560670852661133]"
Malignant_25,recplot,5,1,1,"[0.0010448636021465063, 0.9989551305770874]"
Malignant_29,recplot,5,1,1,"[0.00048827071441337466, 0.99951171875]"
Malignant_38,recplot,5,1,1,"[0.008023705333471298, 0.9919763207435608]"
Malignant_39,recplot,5,1,1,"[0.010976061224937439, 0.9890239238739014]"
Malignant_40,recplot,5,1,1,"[0.1918199509382248, 0.808180034160614]"
Malignant_43,recplot,5,1,1,"[0.00017672457033768296, 0.999823272228241]"
Malignant_51,recplot,5,1,1,"[0.27361932396888733, 0.7263807654380798]"
Malignant_57,recplot,5,1,1,"[0.001404930604621768, 0.9985950589179993]"
Malignant_59,recplot,5,1,1,"[0.0004193887289147824, 0.9995805621147156]"
Malignant_68,recplot,5,1,0,"[0.9363657832145691, 0.0636342242360115]"
Malignant_73,recplot,5,1,1,"[0.040570199489593506, 0.9594297409057617]"
Malignant_89,recplot,5,1,1,"[0.0003201623912900686, 0.9996798038482666]"
Malignant_90,recplot,5,1,1,"[0.025829631835222244, 0.9741703271865845]"
Malignant_91,recplot,5,1,1,"[0.0003771468182094395, 0.9996228218078613]"
Benign_1,mtf,1,0,1,"[0.4743548631668091, 0.5256451368331909]"
Benign_4,mtf,1,0,0,"[0.5509353280067444, 0.4490646719932556]"
Benign_7,mtf,1,0,0,"[0.5979611277580261, 0.40203890204429626]"
Benign_9,mtf,1,0,1,"[0.2691565752029419, 0.7308434247970581]"
Benign_13,mtf,1,0,1,"[0.0001304928882746026, 0.9998694658279419]"
Benign_15,mtf,1,0,0,"[0.6444141864776611, 0.35558584332466125]"
Benign_26,mtf,1,0,0,"[0.97298663854599, 0.02701336145401001]"
Benign_36,mtf,1,0,0,"[0.9939931035041809, 0.006006889045238495]"
Benign_38,mtf,1,0,1,"[0.0051465691067278385, 0.9948534369468689]"
Benign_41,mtf,1,0,0,"[0.9999871253967285, 1.2906547453894746e-05]"
Benign_43,mtf,1,0,0,"[0.989875853061676, 0.010124178603291512]"
Benign_57,mtf,1,0,0,"[0.8221796751022339, 0.1778203397989273]"
Benign_65,mtf,1,0,1,"[0.43675118684768677, 0.5632488131523132]"
Benign_68,mtf,1,0,0,"[0.9881495237350464, 0.01185042317956686]"
Benign_73,mtf,1,0,1,"[2.2516669559990987e-06, 0.9999977350234985]"
Malignant_6,mtf,1,1,1,"[0.05364619940519333, 0.9463537931442261]"
Malignant_8,mtf,1,1,0,"[0.5644798874855042, 0.43552014231681824]"
Malignant_15,mtf,1,1,0,"[0.8029336929321289, 0.1970662772655487]"
Malignant_17,mtf,1,1,1,"[0.00950049702078104, 0.9904995560646057]"
Malignant_19,mtf,1,1,1,"[0.033838361501693726, 0.9661616683006287]"
Malignant_20,mtf,1,1,0,"[0.9999921321868896, 7.927258593554143e-06]"
Malignant_32,mtf,1,1,1,"[9.851444701780565e-06, 0.9999901056289673]"
Malignant_35,mtf,1,1,1,"[0.12090685218572617, 0.8790932297706604]"
Malignant_46,mtf,1,1,1,"[2.7901792236662004e-06, 0.9999972581863403]"
Malignant_47,mtf,1,1,1,"[0.008296249434351921, 0.9917037487030029]"
Malignant_65,mtf,1,1,1,"[0.005587833933532238, 0.9944121241569519]"
Malignant_66,mtf,1,1,1,"[0.09984447062015533, 0.9001555442810059]"
Malignant_69,mtf,1,1,1,"[0.021340735256671906, 0.9786592125892639]"
Malignant_74,mtf,1,1,1,"[0.12706293165683746, 0.872937023639679]"
Malignant_76,mtf,1,1,1,"[0.014327801764011383, 0.9856722354888916]"
Malignant_77,mtf,1,1,0,"[0.9869259595870972, 0.013074063695967197]"
Malignant_78,mtf,1,1,0,"[0.9991660118103027, 0.0008339689811691642]"
Malignant_82,mtf,1,1,1,"[0.01172163337469101, 0.9882783889770508]"
Benign_3,mtf,2,0,0,"[0.6848709583282471, 0.31512895226478577]"
Benign_5,mtf,2,0,0,"[0.9095525741577148, 0.09044737368822098]"
Benign_16,mtf,2,0,1,"[0.012808998115360737, 0.9871909618377686]"
Benign_22,mtf,2,0,0,"[0.9900742173194885, 0.009925737977027893]"
Benign_32,mtf,2,0,0,"[0.9961203932762146, 0.0038795198779553175]"
Benign_34,mtf,2,0,0,"[0.9847497940063477, 0.015250240452587605]"
Benign_39,mtf,2,0,1,"[0.056291364133358, 0.943708598613739]"
Benign_49,mtf,2,0,0,"[0.9985395669937134, 0.0014604672323912382]"
Benign_50,mtf,2,0,0,"[0.7392101287841797, 0.2607899308204651]"
Benign_52,mtf,2,0,1,"[0.0007884950027801096, 0.9992114305496216]"
Benign_54,mtf,2,0,0,"[0.9982284903526306, 0.0017715591238811612]"
Benign_62,mtf,2,0,1,"[0.26724204421043396, 0.7327579855918884]"
Benign_67,mtf,2,0,1,"[0.004980705212801695, 0.9950193166732788]"
Benign_69,mtf,2,0,0,"[0.5628571510314941, 0.43714284896850586]"
Benign_70,mtf,2,0,0,"[0.9970009922981262, 0.0029990002512931824]"
Malignant_1,mtf,2,1,1,"[0.0036164720077067614, 0.996383547782898]"
Malignant_4,mtf,2,1,1,"[0.2760584354400635, 0.7239415645599365]"
Malignant_10,mtf,2,1,0,"[0.9976609945297241, 0.002339031780138612]"
Malignant_11,mtf,2,1,1,"[0.01980764791369438, 0.9801923632621765]"
Malignant_14,mtf,2,1,1,"[0.007725790608674288, 0.9922742247581482]"
Malignant_21,mtf,2,1,1,"[0.05167879909276962, 0.9483211636543274]"
Malignant_31,mtf,2,1,0,"[0.9827038645744324, 0.017296098172664642]"
Malignant_34,mtf,2,1,0,"[0.9976609945297241, 0.002339031780138612]"
Malignant_53,mtf,2,1,1,"[5.7373974414076656e-05, 0.9999426603317261]"
Malignant_54,mtf,2,1,1,"[0.0013547389535233378, 0.9986452460289001]"
Malignant_60,mtf,2,1,0,"[0.8174720406532288, 0.18252795934677124]"
Malignant_64,mtf,2,1,0,"[0.7747606635093689, 0.2252393513917923]"
Malignant_67,mtf,2,1,1,"[0.16072474420070648, 0.8392752408981323]"
Malignant_70,mtf,2,1,1,"[0.005094585940241814, 0.9949054718017578]"
Malignant_72,mtf,2,1,1,"[0.005094585940241814, 0.9949054718017578]"
Malignant_83,mtf,2,1,1,"[0.443249374628067, 0.5567506551742554]"
Malignant_86,mtf,2,1,1,"[0.0015238103223964572, 0.9984762072563171]"
Malignant_87,mtf,2,1,1,"[0.026140790432691574, 0.9738591909408569]"
Benign_8,mtf,3,0,0,"[0.9857239127159119, 0.014276121743023396]"
Benign_12,mtf,3,0,1,"[0.0012689413269981742, 0.9987310767173767]"
Benign_19,mtf,3,0,1,"[0.3174866735935211, 0.6825133562088013]"
Benign_20,mtf,3,0,0,"[0.9870217442512512, 0.012978251092135906]"
Benign_23,mtf,3,0,1,"[0.04797286540269852, 0.9520271420478821]"
Benign_24,mtf,3,0,1,"[0.0005034852656535804, 0.9994964599609375]"
Benign_28,mtf,3,0,1,"[0.1765517145395279, 0.8234483003616333]"
Benign_29,mtf,3,0,1,"[0.014020971953868866, 0.9859790205955505]"
Benign_35,mtf,3,0,0,"[0.9998531341552734, 0.0001468482514610514]"
Benign_40,mtf,3,0,0,"[0.896222710609436, 0.10377722233533859]"
Benign_44,mtf,3,0,0,"[0.6045041680335999, 0.39549577236175537]"
Benign_51,mtf,3,0,0,"[0.9997411370277405, 0.0002588179486338049]"
Benign_58,mtf,3,0,0,"[0.9981368780136108, 0.0018631553975865245]"
Benign_61,mtf,3,0,1,"[0.0013456251472234726, 0.9986543655395508]"
Benign_63,mtf,3,0,0,"[0.9994864463806152, 0.0005134863313287497]"
Malignant_2,mtf,3,1,0,"[0.9963260293006897, 0.0036739434581249952]"
Malignant_9,mtf,3,1,1,"[0.07419166713953018, 0.9258083701133728]"
Malignant_13,mtf,3,1,1,"[0.2535915672779083, 0.7464084029197693]"
Malignant_26,mtf,3,1,0,"[0.9997637867927551, 0.0002362076484132558]"
Malignant_27,mtf,3,1,1,"[0.0012875525280833244, 0.998712420463562]"
Malignant_36,mtf,3,1,1,"[5.002063062420348e-06, 0.9999949932098389]"
Malignant_37,mtf,3,1,0,"[0.9848331809043884, 0.015166839584708214]"
Malignant_41,mtf,3,1,0,"[0.8981000185012817, 0.10189997404813766]"
Malignant_45,mtf,3,1,1,"[0.06834445893764496, 0.9316555857658386]"
Malignant_48,mtf,3,1,1,"[0.15004630386829376, 0.8499537110328674]"
Malignant_50,mtf,3,1,0,"[0.7286418080329895, 0.2713582217693329]"
Malignant_55,mtf,3,1,1,"[0.00011460963287390769, 0.9998853206634521]"
Malignant_56,mtf,3,1,0,"[0.9997993111610413, 0.00020066311117261648]"
Malignant_58,mtf,3,1,1,"[4.9184640374733135e-05, 0.9999507665634155]"
Malignant_62,mtf,3,1,1,"[0.014957515522837639, 0.9850425124168396]"
Malignant_81,mtf,3,1,0,"[0.9988546371459961, 0.0011454124469310045]"
Malignant_84,mtf,3,1,1,"[0.00015732790052425116, 0.999842643737793]"
Malignant_88,mtf,3,1,1,"[0.41605421900749207, 0.5839457511901855]"
Benign_10,mtf,4,0,1,"[0.13351885974407196, 0.8664811253547668]"
Benign_14,mtf,4,0,1,"[0.007563105318695307, 0.992436945438385]"
Benign_17,mtf,4,0,1,"[0.0015466389013454318, 0.9984533786773682]"
Benign_18,mtf,4,0,1,"[0.009477876126766205, 0.9905221462249756]"
Benign_27,mtf,4,0,1,"[0.000445412821136415, 0.9995545744895935]"
Benign_30,mtf,4,0,1,"[0.14296671748161316, 0.8570333123207092]"
Benign_31,mtf,4,0,1,"[0.22614941000938416, 0.7738505601882935]"
Benign_33,mtf,4,0,1,"[0.007225734647363424, 0.992774248123169]"
Benign_37,mtf,4,0,1,"[0.39990943670272827, 0.6000905632972717]"
Benign_42,mtf,4,0,1,"[0.0017006269190460443, 0.9982994198799133]"
Benign_46,mtf,4,0,0,"[0.8433229923248291, 0.15667706727981567]"
Benign_47,mtf,4,0,1,"[0.007104792166501284, 0.9928951859474182]"
Benign_53,mtf,4,0,0,"[0.992333173751831, 0.007666810415685177]"
Benign_66,mtf,4,0,0,"[0.5086529850959778, 0.4913470149040222]"
Benign_74,mtf,4,0,1,"[0.12750889360904694, 0.8724911212921143]"
Malignant_5,mtf,4,1,1,"[0.0017743076896294951, 0.998225748538971]"
Malignant_12,mtf,4,1,1,"[2.1426299099402968e-06, 0.9999978542327881]"
Malignant_22,mtf,4,1,0,"[0.5471112728118896, 0.45288875699043274]"
Malignant_23,mtf,4,1,1,"[1.040821302922268e-06, 0.999998927116394]"
Malignant_28,mtf,4,1,1,"[0.0013633682392537594, 0.9986366629600525]"
Malignant_30,mtf,4,1,1,"[0.00015166858793236315, 0.9998483657836914]"
Malignant_33,mtf,4,1,1,"[0.001055214204825461, 0.9989448189735413]"
Malignant_42,mtf,4,1,1,"[0.12260046601295471, 0.8773995041847229]"
Malignant_44,mtf,4,1,1,"[0.0002310136624146253, 0.9997690320014954]"
Malignant_49,mtf,4,1,1,"[0.00027472327928990126, 0.9997252821922302]"
Malignant_52,mtf,4,1,0,"[0.9122186899185181, 0.08778131753206253]"
Malignant_61,mtf,4,1,1,"[0.30257073044776917, 0.6974292397499084]"
Malignant_63,mtf,4,1,1,"[0.06721097975969315, 0.9327890276908875]"
Malignant_71,mtf,4,1,1,"[0.005481678526848555, 0.9945183396339417]"
Malignant_75,mtf,4,1,1,"[0.0008156453841365874, 0.9991843104362488]"
Malignant_79,mtf,4,1,1,"[0.0021282753441482782, 0.9978717565536499]"
Malignant_80,mtf,4,1,1,"[0.0004086112603545189, 0.9995914101600647]"
Malignant_85,mtf,4,1,1,"[0.00045494604273699224, 0.9995450377464294]"
Benign_2,mtf,5,0,0,"[0.6163945198059082, 0.3836054503917694]"
Benign_6,mtf,5,0,1,"[0.002367161912843585, 0.9976328611373901]"
Benign_11,mtf,5,0,0,"[0.9896196722984314, 0.010380377061665058]"
Benign_21,mtf,5,0,1,"[0.006309495307505131, 0.9936904907226562]"
Benign_25,mtf,5,0,0,"[0.9881465435028076, 0.011853494681417942]"
Benign_45,mtf,5,0,0,"[0.6735960245132446, 0.3264039158821106]"
Benign_48,mtf,5,0,1,"[0.1702529489994049, 0.8297470211982727]"
Benign_55,mtf,5,0,1,"[0.20077571272850037, 0.799224317073822]"
Benign_56,mtf,5,0,1,"[0.07108771055936813, 0.9289122223854065]"
Benign_59,mtf,5,0,1,"[0.03283759951591492, 0.9671624302864075]"
Benign_60,mtf,5,0,0,"[0.9991576671600342, 0.0008423083345405757]"
Benign_64,mtf,5,0,0,"[0.9995062351226807, 0.0004937837948091328]"
Benign_71,mtf,5,0,1,"[0.10571103543043137, 0.8942890167236328]"
Benign_72,mtf,5,0,0,"[0.9904099702835083, 0.009589994326233864]"
Malignant_3,mtf,5,1,1,"[0.03218827769160271, 0.9678117632865906]"
Malignant_7,mtf,5,1,0,"[0.9729781746864319, 0.027021808549761772]"
Malignant_16,mtf,5,1,0,"[0.6774460077285767, 0.32255399227142334]"
Malignant_18,mtf,5,1,0,"[0.7198175191879272, 0.28018251061439514]"
Malignant_24,mtf,5,1,1,"[0.006824782118201256, 0.993175208568573]"
Malignant_25,mtf,5,1,0,"[0.7400086522102356, 0.259991317987442]"
Malignant_29,mtf,5,1,1,"[0.022610096260905266, 0.9773898720741272]"
Malignant_38,mtf,5,1,1,"[0.0006908087525516748, 0.9993091821670532]"
Malignant_39,mtf,5,1,1,"[0.4809422492980957, 0.5190577507019043]"
Malignant_40,mtf,5,1,0,"[0.9896196722984314, 0.010380377061665058]"
Malignant_43,mtf,5,1,1,"[0.00018863425066228956, 0.9998113512992859]"
Malignant_51,mtf,5,1,1,"[0.014243928715586662, 0.9857560992240906]"
Malignant_57,mtf,5,1,1,"[0.0018874407978728414, 0.9981125593185425]"
Malignant_59,mtf,5,1,1,"[0.011583383195102215, 0.9884166121482849]"
Malignant_68,mtf,5,1,1,"[0.00303069781512022, 0.9969692826271057]"
Malignant_73,mtf,5,1,1,"[0.23768235743045807, 0.7623176574707031]"
Malignant_89,mtf,5,1,1,"[0.1987626999616623, 0.8012373447418213]"
Malignant_90,mtf,5,1,0,"[0.993804931640625, 0.006195021327584982]"
Malignant_91,mtf,5,1,0,"[0.9941444993019104, 0.005855576600879431]"
Benign_1,gasf,1,0,0,"[0.895533561706543, 0.10446643829345703]"
Benign_4,gasf,1,0,0,"[0.9225695133209229, 0.07743046432733536]"
Benign_7,gasf,1,0,0,"[0.7663978338241577, 0.23360219597816467]"
Benign_9,gasf,1,0,0,"[0.8235390782356262, 0.17646092176437378]"
Benign_13,gasf,1,0,0,"[0.7228356003761292, 0.27716439962387085]"
Benign_15,gasf,1,0,1,"[0.49586668610572815, 0.5041333436965942]"
Benign_26,gasf,1,0,1,"[0.31782427430152893, 0.6821756958961487]"
Benign_36,gasf,1,0,0,"[0.9952680468559265, 0.004731958732008934]"
Benign_38,gasf,1,0,0,"[0.9615581035614014, 0.03844193369150162]"
Benign_41,gasf,1,0,0,"[0.9434129595756531, 0.056587059050798416]"
Benign_43,gasf,1,0,0,"[0.9973846077919006, 0.0026153763756155968]"
Benign_57,gasf,1,0,0,"[0.9997718930244446, 0.00022812485985923558]"
Benign_65,gasf,1,0,0,"[0.5418940186500549, 0.4581059515476227]"
Benign_68,gasf,1,0,0,"[0.999935507774353, 6.454596586991102e-05]"
Benign_73,gasf,1,0,0,"[0.977995753288269, 0.022004231810569763]"
Malignant_6,gasf,1,1,1,"[0.008874969556927681, 0.9911250472068787]"
Malignant_8,gasf,1,1,1,"[0.0016956604085862637, 0.9983043670654297]"
Malignant_15,gasf,1,1,1,"[0.0016190860187634826, 0.9983808994293213]"
Malignant_17,gasf,1,1,0,"[0.7079675197601318, 0.29203248023986816]"
Malignant_19,gasf,1,1,1,"[0.0028355184476822615, 0.9971644282341003]"
Malignant_20,gasf,1,1,1,"[0.1023864895105362, 0.8976134657859802]"
Malignant_32,gasf,1,1,1,"[0.06644774973392487, 0.9335522055625916]"
Malignant_35,gasf,1,1,0,"[0.6977595090866089, 0.3022404611110687]"
Malignant_46,gasf,1,1,1,"[0.0010683799628168344, 0.9989315867424011]"
Malignant_47,gasf,1,1,1,"[0.005367604084312916, 0.994632363319397]"
Malignant_65,gasf,1,1,1,"[0.0044309115037322044, 0.9955690503120422]"
Malignant_66,gasf,1,1,1,"[0.1294911503791809, 0.8705088496208191]"
Malignant_69,gasf,1,1,1,"[0.008660185150802135, 0.9913397431373596]"
Malignant_74,gasf,1,1,1,"[0.0017942299600690603, 0.9982057809829712]"
Malignant_76,gasf,1,1,1,"[0.0006293529877439141, 0.9993706345558167]"
Malignant_77,gasf,1,1,0,"[0.7471214532852173, 0.2528785765171051]"
Malignant_78,gasf,1,1,1,"[0.0005896141519770026, 0.9994103908538818]"
Malignant_82,gasf,1,1,1,"[0.017965907230973244, 0.9820340871810913]"
Benign_3,gasf,2,0,0,"[0.7747184038162231, 0.22528165578842163]"
Benign_5,gasf,2,0,0,"[0.5101818442344666, 0.48981812596321106]"
Benign_16,gasf,2,0,0,"[0.8337198495864868, 0.166280135512352]"
Benign_22,gasf,2,0,0,"[0.9158979654312134, 0.08410196006298065]"
Benign_32,gasf,2,0,1,"[0.08118344843387604, 0.9188165664672852]"
Benign_34,gasf,2,0,0,"[0.8358856439590454, 0.16411437094211578]"
Benign_39,gasf,2,0,1,"[0.01214715838432312, 0.9878528118133545]"
Benign_49,gasf,2,0,0,"[0.6783857345581055, 0.32161426544189453]"
Benign_50,gasf,2,0,1,"[0.46143031120300293, 0.5385696291923523]"
Benign_52,gasf,2,0,1,"[0.4267471432685852, 0.5732529163360596]"
Benign_54,gasf,2,0,1,"[0.013493170961737633, 0.9865068197250366]"
Benign_62,gasf,2,0,0,"[0.7547596096992493, 0.24524036049842834]"
Benign_67,gasf,2,0,0,"[0.7657028436660767, 0.23429712653160095]"
Benign_69,gasf,2,0,0,"[0.5274447202682495, 0.4725553095340729]"
Benign_70,gasf,2,0,1,"[0.04247656464576721, 0.9575234055519104]"
Malignant_1,gasf,2,1,1,"[0.04073192924261093, 0.9592680335044861]"
Malignant_4,gasf,2,1,1,"[0.4836944341659546, 0.5163055658340454]"
Malignant_10,gasf,2,1,1,"[2.5496048692730255e-05, 0.9999744892120361]"
Malignant_11,gasf,2,1,1,"[0.015122614800930023, 0.984877347946167]"
Malignant_14,gasf,2,1,1,"[0.11114804446697235, 0.8888519406318665]"
Malignant_21,gasf,2,1,1,"[0.08796801418066025, 0.9120319485664368]"
Malignant_31,gasf,2,1,0,"[0.7805742025375366, 0.2194257229566574]"
Malignant_34,gasf,2,1,0,"[0.9322115182876587, 0.0677884966135025]"
Malignant_53,gasf,2,1,1,"[0.10628298670053482, 0.8937169909477234]"
Malignant_54,gasf,2,1,1,"[0.05025218427181244, 0.9497478604316711]"
Malignant_60,gasf,2,1,1,"[0.0001894074521260336, 0.9998106360435486]"
Malignant_64,gasf,2,1,1,"[0.11682333797216415, 0.8831766843795776]"
Malignant_67,gasf,2,1,1,"[0.0010237907990813255, 0.9989762306213379]"
Malignant_70,gasf,2,1,1,"[0.24846388399600983, 0.7515360713005066]"
Malignant_72,gasf,2,1,1,"[0.3400677442550659, 0.6599322557449341]"
Malignant_83,gasf,2,1,1,"[3.016588743776083e-05, 0.9999698400497437]"
Malignant_86,gasf,2,1,1,"[6.252538150874898e-05, 0.9999374151229858]"
Malignant_87,gasf,2,1,1,"[0.001502515166066587, 0.998497486114502]"
Benign_8,gasf,3,0,0,"[0.535086452960968, 0.46491360664367676]"
Benign_12,gasf,3,0,0,"[0.991844117641449, 0.008155819959938526]"
Benign_19,gasf,3,0,1,"[0.06988895684480667, 0.9301109910011292]"
Benign_20,gasf,3,0,1,"[0.11945318430662155, 0.8805467486381531]"
Benign_23,gasf,3,0,1,"[0.280909925699234, 0.7190901041030884]"
Benign_24,gasf,3,0,0,"[0.8905348181724548, 0.10946522653102875]"
Benign_28,gasf,3,0,0,"[0.8875020146369934, 0.11249793320894241]"
Benign_29,gasf,3,0,0,"[0.8947458863258362, 0.10525413602590561]"
Benign_35,gasf,3,0,0,"[0.9906824827194214, 0.009317549876868725]"
Benign_40,gasf,3,0,0,"[0.9519510865211487, 0.04804888367652893]"
Benign_44,gasf,3,0,0,"[0.9867854714393616, 0.013214549981057644]"
Benign_51,gasf,3,0,0,"[0.5688342452049255, 0.43116578459739685]"
Benign_58,gasf,3,0,0,"[0.9459748864173889, 0.05402512848377228]"
Benign_61,gasf,3,0,0,"[0.9128329753875732, 0.08716707676649094]"
Benign_63,gasf,3,0,0,"[0.918393075466156, 0.0816069096326828]"
Malignant_2,gasf,3,1,1,"[0.13913190364837646, 0.8608680963516235]"
Malignant_9,gasf,3,1,1,"[0.10336758196353912, 0.8966324329376221]"
Malignant_13,gasf,3,1,1,"[0.0043095373548567295, 0.9956905245780945]"
Malignant_26,gasf,3,1,1,"[0.011592420749366283, 0.988407552242279]"
Malignant_27,gasf,3,1,1,"[0.002105734311044216, 0.9978943467140198]"
Malignant_36,gasf,3,1,1,"[0.07917221635580063, 0.9208278059959412]"
Malignant_37,gasf,3,1,1,"[0.02990051358938217, 0.9700994491577148]"
Malignant_41,gasf,3,1,1,"[0.06412424147129059, 0.9358757138252258]"
Malignant_45,gasf,3,1,1,"[0.00017956169904209673, 0.9998204112052917]"
Malignant_48,gasf,3,1,1,"[0.3336840569972992, 0.6663159728050232]"
Malignant_50,gasf,3,1,1,"[0.14177364110946655, 0.8582263588905334]"
Malignant_55,gasf,3,1,1,"[0.05374414473772049, 0.9462558031082153]"
Malignant_56,gasf,3,1,1,"[0.03830375522375107, 0.9616962671279907]"
Malignant_58,gasf,3,1,0,"[0.6493250131607056, 0.35067492723464966]"
Malignant_62,gasf,3,1,1,"[0.48221951723098755, 0.5177805423736572]"
Malignant_81,gasf,3,1,1,"[0.01579529233276844, 0.9842047095298767]"
Malignant_84,gasf,3,1,1,"[0.008572718128561974, 0.9914273023605347]"
Malignant_88,gasf,3,1,1,"[0.0011800369247794151, 0.998819887638092]"
Benign_10,gasf,4,0,0,"[0.5359213352203369, 0.46407875418663025]"
Benign_14,gasf,4,0,0,"[0.7889404892921448, 0.21105946600437164]"
Benign_17,gasf,4,0,0,"[0.8162533640861511, 0.18374665081501007]"
Benign_18,gasf,4,0,0,"[0.6245616674423218, 0.3754383623600006]"
Benign_27,gasf,4,0,0,"[0.8831433653831482, 0.11685662716627121]"
Benign_30,gasf,4,0,0,"[0.7419860363006592, 0.25801393389701843]"
Benign_31,gasf,4,0,0,"[0.8619841933250427, 0.1380157321691513]"
Benign_33,gasf,4,0,0,"[0.927985429763794, 0.07201449573040009]"
Benign_37,gasf,4,0,1,"[0.17923711240291595, 0.8207628726959229]"
Benign_42,gasf,4,0,1,"[0.12238305807113647, 0.8776168823242188]"
Benign_46,gasf,4,0,0,"[0.8928726315498352, 0.1071273684501648]"
Benign_47,gasf,4,0,0,"[0.7541366815567017, 0.24586325883865356]"
Benign_53,gasf,4,0,0,"[0.7106764316558838, 0.2893235683441162]"
Benign_66,gasf,4,0,1,"[0.4663173258304596, 0.5336827039718628]"
Benign_74,gasf,4,0,0,"[0.9524171352386475, 0.04758287966251373]"
Malignant_5,gasf,4,1,1,"[0.013883152976632118, 0.9861168265342712]"
Malignant_12,gasf,4,1,1,"[0.08226731419563293, 0.9177326560020447]"
Malignant_22,gasf,4,1,1,"[0.14580637216567993, 0.8541935682296753]"
Malignant_23,gasf,4,1,1,"[0.012621033936738968, 0.9873790144920349]"
Malignant_28,gasf,4,1,0,"[0.6039190888404846, 0.3960808217525482]"
Malignant_30,gasf,4,1,1,"[0.2654110789299011, 0.7345889210700989]"
Malignant_33,gasf,4,1,1,"[0.3687955141067505, 0.6312044858932495]"
Malignant_42,gasf,4,1,1,"[0.051482249051332474, 0.9485176801681519]"
Malignant_44,gasf,4,1,1,"[0.4899871051311493, 0.5100129246711731]"
Malignant_49,gasf,4,1,1,"[0.01424337923526764, 0.9857565760612488]"
Malignant_52,gasf,4,1,0,"[0.5266181826591492, 0.47338181734085083]"
Malignant_61,gasf,4,1,1,"[0.10544756799936295, 0.8945524096488953]"
Malignant_63,gasf,4,1,1,"[0.22803141176700592, 0.7719685435295105]"
Malignant_71,gasf,4,1,1,"[0.43258151412010193, 0.5674184560775757]"
Malignant_75,gasf,4,1,0,"[0.9567195773124695, 0.043280404061079025]"
Malignant_79,gasf,4,1,1,"[0.22545884549617767, 0.7745411992073059]"
Malignant_80,gasf,4,1,1,"[0.1500985324382782, 0.8499014377593994]"
Malignant_85,gasf,4,1,1,"[0.28917962312698364, 0.7108203768730164]"
Benign_2,gasf,5,0,0,"[0.7410022020339966, 0.2589977979660034]"
Benign_6,gasf,5,0,1,"[0.4356352686882019, 0.5643647313117981]"
Benign_11,gasf,5,0,0,"[0.7341826558113098, 0.2658173143863678]"
Benign_21,gasf,5,0,0,"[0.5257163643836975, 0.4742836058139801]"
Benign_25,gasf,5,0,0,"[0.7612752318382263, 0.23872479796409607]"
Benign_45,gasf,5,0,0,"[0.9377202391624451, 0.06227980554103851]"
Benign_48,gasf,5,0,0,"[0.7971349358558655, 0.2028650939464569]"
Benign_55,gasf,5,0,0,"[0.5567851662635803, 0.44321486353874207]"
Benign_56,gasf,5,0,0,"[0.6022094488143921, 0.39779049158096313]"
Benign_59,gasf,5,0,0,"[0.7528327703475952, 0.24716724455356598]"
Benign_60,gasf,5,0,0,"[0.6594794392585754, 0.34052059054374695]"
Benign_64,gasf,5,0,0,"[0.8072192668914795, 0.1927807331085205]"
Benign_71,gasf,5,0,0,"[0.8448018431663513, 0.15519815683364868]"
Benign_72,gasf,5,0,0,"[0.6657793521881104, 0.33422064781188965]"
Malignant_3,gasf,5,1,1,"[0.2159542441368103, 0.7840457558631897]"
Malignant_7,gasf,5,1,1,"[0.43039077520370483, 0.5696092247962952]"
Malignant_16,gasf,5,1,1,"[0.43237587809562683, 0.5676240921020508]"
Malignant_18,gasf,5,1,0,"[0.5079803466796875, 0.49201956391334534]"
Malignant_24,gasf,5,1,0,"[0.5072682499885559, 0.4927316904067993]"
Malignant_25,gasf,5,1,1,"[0.4098473787307739, 0.5901525616645813]"
Malignant_29,gasf,5,1,1,"[0.28541186451911926, 0.7145880460739136]"
Malignant_38,gasf,5,1,1,"[0.4440416693687439, 0.5559583902359009]"
Malignant_39,gasf,5,1,0,"[0.5274395942687988, 0.4725603759288788]"
Malignant_40,gasf,5,1,1,"[0.42109358310699463, 0.5789064764976501]"
Malignant_43,gasf,5,1,1,"[0.38375774025917053, 0.6162422895431519]"
Malignant_51,gasf,5,1,0,"[0.5418757796287537, 0.4581242501735687]"
Malignant_57,gasf,5,1,1,"[0.31674695014953613, 0.6832530498504639]"
Malignant_59,gasf,5,1,1,"[0.3825928866863251, 0.6174071431159973]"
Malignant_68,gasf,5,1,1,"[0.4416365325450897, 0.5583635568618774]"
Malignant_73,gasf,5,1,1,"[0.2716451585292816, 0.728354811668396]"
Malignant_89,gasf,5,1,1,"[0.42525729537010193, 0.5747427344322205]"
Malignant_90,gasf,5,1,1,"[0.3948010206222534, 0.6051989197731018]"
Malignant_91,gasf,5,1,1,"[0.3482126295566559, 0.6517874002456665]"
Benign_1,gadf,1,0,0,"[0.8810726404190063, 0.11892733722925186]"
Benign_4,gadf,1,0,0,"[0.6457664370536804, 0.3542335629463196]"
Benign_7,gadf,1,0,0,"[0.7521811723709106, 0.24781882762908936]"
Benign_9,gadf,1,0,0,"[0.6308362483978271, 0.36916372179985046]"
Benign_13,gadf,1,0,0,"[0.8513912558555603, 0.1486087292432785]"
Benign_15,gadf,1,0,1,"[0.27359676361083984, 0.7264032363891602]"
Benign_26,gadf,1,0,0,"[0.5173488855361938, 0.48265108466148376]"
Benign_36,gadf,1,0,0,"[0.9952974915504456, 0.004702501464635134]"
Benign_38,gadf,1,0,0,"[0.9000764489173889, 0.09992361813783646]"
Benign_41,gadf,1,0,0,"[0.8495211601257324, 0.15047883987426758]"
Benign_43,gadf,1,0,0,"[0.9810357093811035, 0.018964217975735664]"
Benign_57,gadf,1,0,0,"[0.8763429522514343, 0.12365707755088806]"
Benign_65,gadf,1,0,1,"[0.18237902224063873, 0.8176209926605225]"
Benign_68,gadf,1,0,0,"[0.9941965341567993, 0.0058034067042171955]"
Benign_73,gadf,1,0,0,"[0.9376410245895386, 0.062359053641557693]"
Malignant_6,gadf,1,1,1,"[0.0014371901052072644, 0.9985628724098206]"
Malignant_8,gadf,1,1,1,"[0.0005636035930365324, 0.9994363188743591]"
Malignant_15,gadf,1,1,1,"[0.001075695501640439, 0.9989243149757385]"
Malignant_17,gadf,1,1,1,"[0.02193201519548893, 0.978067934513092]"
Malignant_19,gadf,1,1,1,"[0.008858107961714268, 0.9911419153213501]"
Malignant_20,gadf,1,1,1,"[0.0016320430440828204, 0.998367965221405]"
Malignant_32,gadf,1,1,1,"[0.025580745190382004, 0.9744192957878113]"
Malignant_35,gadf,1,1,0,"[0.7667414546012878, 0.23325853049755096]"
Malignant_46,gadf,1,1,1,"[0.0021266876719892025, 0.9978733062744141]"
Malignant_47,gadf,1,1,1,"[0.019294602796435356, 0.9807054400444031]"
Malignant_65,gadf,1,1,1,"[0.2110460102558136, 0.7889540195465088]"
Malignant_66,gadf,1,1,1,"[0.12973737716674805, 0.8702626824378967]"
Malignant_69,gadf,1,1,1,"[0.004034669604152441, 0.9959653615951538]"
Malignant_74,gadf,1,1,1,"[0.0002715297450777143, 0.9997285008430481]"
Malignant_76,gadf,1,1,1,"[0.00024640359333716333, 0.9997536540031433]"
Malignant_77,gadf,1,1,1,"[0.12258604168891907, 0.8774139285087585]"
Malignant_78,gadf,1,1,1,"[0.002420603996142745, 0.9975793957710266]"
Malignant_82,gadf,1,1,1,"[0.0020651910454034805, 0.9979348182678223]"
Benign_3,gadf,2,0,0,"[0.9981539845466614, 0.0018460152205079794]"
Benign_5,gadf,2,0,0,"[0.9909982681274414, 0.009001783095300198]"
Benign_16,gadf,2,0,1,"[0.005905422382056713, 0.9940945506095886]"
Benign_22,gadf,2,0,0,"[0.9999896287918091, 1.0337944331695326e-05]"
Benign_32,gadf,2,0,0,"[0.8162892460823059, 0.18371078372001648]"
Benign_34,gadf,2,0,0,"[0.999997615814209, 2.343916094105225e-06]"
Benign_39,gadf,2,0,1,"[0.0051091755740344524, 0.9948908090591431]"
Benign_49,gadf,2,0,0,"[0.9977351427078247, 0.0022648521699011326]"
Benign_50,gadf,2,0,0,"[0.9974996447563171, 0.0025003072805702686]"
Benign_52,gadf,2,0,0,"[0.9985721111297607, 0.0014278199523687363]"
Benign_54,gadf,2,0,0,"[0.9917588829994202, 0.008241124451160431]"
Benign_62,gadf,2,0,0,"[0.9996782541275024, 0.00032179406844079494]"
Benign_67,gadf,2,0,0,"[0.9999352693557739, 6.475996633525938e-05]"
Benign_69,gadf,2,0,0,"[0.9997480511665344, 0.00025189644657075405]"
Benign_70,gadf,2,0,0,"[0.809015154838562, 0.1909848004579544]"
Malignant_1,gadf,2,1,1,"[0.004203862510621548, 0.9957962036132812]"
Malignant_4,gadf,2,1,1,"[0.00035288845538161695, 0.9996471405029297]"
Malignant_10,gadf,2,1,1,"[0.0001399407919961959, 0.9998600482940674]"
Malignant_11,gadf,2,1,1,"[0.0003488020447548479, 0.9996511936187744]"
Malignant_14,gadf,2,1,0,"[0.6335925459861755, 0.36640751361846924]"
Malignant_21,gadf,2,1,0,"[0.7486692070960999, 0.25133079290390015]"
Malignant_31,gadf,2,1,1,"[0.0011475069914013147, 0.9988524913787842]"
Malignant_34,gadf,2,1,1,"[0.00041016313480213284, 0.9995898604393005]"
Malignant_53,gadf,2,1,1,"[0.002499417867511511, 0.9975005984306335]"
Malignant_54,gadf,2,1,1,"[0.15706799924373627, 0.8429319858551025]"
Malignant_60,gadf,2,1,1,"[0.00025011831894516945, 0.9997498393058777]"
Malignant_64,gadf,2,1,1,"[0.0012592425337061286, 0.9987407326698303]"
Malignant_67,gadf,2,1,1,"[2.3532973500550725e-05, 0.9999765157699585]"
Malignant_70,gadf,2,1,1,"[0.00027643077191896737, 0.999723494052887]"
Malignant_72,gadf,2,1,1,"[0.04220416024327278, 0.9577958583831787]"
Malignant_83,gadf,2,1,1,"[0.0017648442881181836, 0.9982351064682007]"
Malignant_86,gadf,2,1,1,"[0.00031185406260192394, 0.9996881484985352]"
Malignant_87,gadf,2,1,1,"[0.0005720981280319393, 0.999427855014801]"
Benign_8,gadf,3,0,0,"[0.9954519867897034, 0.004547998309135437]"
Benign_12,gadf,3,0,0,"[0.9931418299674988, 0.006858222186565399]"
Benign_19,gadf,3,0,0,"[0.8943080902099609, 0.10569192469120026]"
Benign_20,gadf,3,0,1,"[0.0008315385202877223, 0.9991685152053833]"
Benign_23,gadf,3,0,1,"[0.11513691395521164, 0.8848630785942078]"
Benign_24,gadf,3,0,0,"[0.8065944314002991, 0.19340555369853973]"
Benign_28,gadf,3,0,0,"[0.999727189540863, 0.00027282489463686943]"
Benign_29,gadf,3,0,0,"[0.9954255223274231, 0.0045744371600449085]"
Benign_35,gadf,3,0,0,"[0.9990890026092529, 0.0009109808597713709]"
Benign_40,gadf,3,0,0,"[0.9988693594932556, 0.0011305536609143019]"
Benign_44,gadf,3,0,0,"[0.9910615086555481, 0.008938546292483807]"
Benign_51,gadf,3,0,0,"[0.8534689545631409, 0.14653107523918152]"
Benign_58,gadf,3,0,0,"[0.9971128702163696, 0.0028870729729533195]"
Benign_61,gadf,3,0,0,"[0.9994556307792664, 0.0005443400586955249]"
Benign_63,gadf,3,0,0,"[0.9991681575775146, 0.0008318419568240643]"
Malignant_2,gadf,3,1,1,"[0.0006053278339095414, 0.9993946552276611]"
Malignant_9,gadf,3,1,0,"[0.7479488253593445, 0.25205114483833313]"
Malignant_13,gadf,3,1,1,"[0.0005279454635456204, 0.9994720816612244]"
Malignant_26,gadf,3,1,1,"[0.10794654488563538, 0.8920534253120422]"
Malignant_27,gadf,3,1,1,"[0.009707174263894558, 0.9902927875518799]"
Malignant_36,gadf,3,1,1,"[0.36311519145965576, 0.6368848085403442]"
Malignant_37,gadf,3,1,1,"[0.0009925918420776725, 0.9990074038505554]"
Malignant_41,gadf,3,1,1,"[9.124403004534543e-05, 0.9999088048934937]"
Malignant_45,gadf,3,1,1,"[0.00018082470342051238, 0.9998192191123962]"
Malignant_48,gadf,3,1,1,"[0.028815140947699547, 0.9711848497390747]"
Malignant_50,gadf,3,1,0,"[0.8475180864334106, 0.15248186886310577]"
Malignant_55,gadf,3,1,1,"[0.0009413761436007917, 0.9990586638450623]"
Malignant_56,gadf,3,1,1,"[0.0037111579440534115, 0.9962888956069946]"
Malignant_58,gadf,3,1,0,"[0.935335099697113, 0.06466493755578995]"
Malignant_62,gadf,3,1,0,"[0.9581739902496338, 0.04182608053088188]"
Malignant_81,gadf,3,1,1,"[0.00011265076318522915, 0.9998873472213745]"
Malignant_84,gadf,3,1,1,"[0.0004798620648216456, 0.9995201826095581]"
Malignant_88,gadf,3,1,1,"[3.496921999612823e-05, 0.9999650716781616]"
Benign_10,gadf,4,0,0,"[0.9947840571403503, 0.005215962417423725]"
Benign_14,gadf,4,0,0,"[0.9979543685913086, 0.0020456246566027403]"
Benign_17,gadf,4,0,0,"[0.8261399269104004, 0.173860102891922]"
Benign_18,gadf,4,0,0,"[0.9983677268028259, 0.001632255152799189]"
Benign_27,gadf,4,0,0,"[0.9966367483139038, 0.003363198135048151]"
Benign_30,gadf,4,0,0,"[0.8237173557281494, 0.17628267407417297]"
Benign_31,gadf,4,0,0,"[0.9953032732009888, 0.004696706775575876]"
Benign_33,gadf,4,0,0,"[0.9915133118629456, 0.00848674401640892]"
Benign_37,gadf,4,0,1,"[0.32741743326187134, 0.6725825071334839]"
Benign_42,gadf,4,0,1,"[0.09361551702022552, 0.9063844680786133]"
Benign_46,gadf,4,0,0,"[0.9982914328575134, 0.0017086066072806716]"
Benign_47,gadf,4,0,0,"[0.9980663657188416, 0.0019335891120135784]"
Benign_53,gadf,4,0,0,"[0.9996801614761353, 0.00031984603265300393]"
Benign_66,gadf,4,0,0,"[0.9999186992645264, 8.125645399559289e-05]"
Benign_74,gadf,4,0,0,"[0.9925731420516968, 0.007426818832755089]"
Malignant_5,gadf,4,1,1,"[0.02180166356265545, 0.9781982898712158]"
Malignant_12,gadf,4,1,1,"[0.025214210152626038, 0.9747858047485352]"
Malignant_22,gadf,4,1,1,"[0.2172398716211319, 0.7827601432800293]"
Malignant_23,gadf,4,1,1,"[0.0022832690738141537, 0.9977167844772339]"
Malignant_28,gadf,4,1,1,"[0.4212852120399475, 0.5787147879600525]"
Malignant_30,gadf,4,1,1,"[0.10656536370515823, 0.8934346437454224]"
Malignant_33,gadf,4,1,1,"[0.05590714514255524, 0.944092869758606]"
Malignant_42,gadf,4,1,1,"[0.01602899096906185, 0.9839710593223572]"
Malignant_44,gadf,4,1,0,"[0.8540266752243042, 0.145973339676857]"
Malignant_49,gadf,4,1,1,"[0.060279570519924164, 0.9397204518318176]"
Malignant_52,gadf,4,1,1,"[0.10481803864240646, 0.8951819539070129]"
Malignant_61,gadf,4,1,1,"[0.06710073351860046, 0.9328992962837219]"
Malignant_63,gadf,4,1,1,"[0.237016499042511, 0.7629834413528442]"
Malignant_71,gadf,4,1,0,"[0.9866176247596741, 0.013382337056100368]"
Malignant_75,gadf,4,1,0,"[0.514165997505188, 0.4858339726924896]"
Malignant_79,gadf,4,1,1,"[0.22497327625751495, 0.7750267386436462]"
Malignant_80,gadf,4,1,1,"[0.04570066183805466, 0.9542993307113647]"
Malignant_85,gadf,4,1,1,"[0.08984320610761642, 0.9101567268371582]"
Benign_2,gadf,5,0,0,"[0.9948781728744507, 0.005121818743646145]"
Benign_6,gadf,5,0,0,"[0.5305601954460144, 0.4694398045539856]"
Benign_11,gadf,5,0,0,"[0.8462180495262146, 0.15378189086914062]"
Benign_21,gadf,5,0,0,"[0.9070088863372803, 0.09299103170633316]"
Benign_25,gadf,5,0,0,"[0.9990474581718445, 0.0009525297209620476]"
Benign_45,gadf,5,0,0,"[0.9461740851402283, 0.05382594093680382]"
Benign_48,gadf,5,0,0,"[0.9999645948410034, 3.5374832805246115e-05]"
Benign_55,gadf,5,0,0,"[0.997326135635376, 0.0026737991720438004]"
Benign_56,gadf,5,0,0,"[0.9921183586120605, 0.00788163859397173]"
Benign_59,gadf,5,0,0,"[0.9997944235801697, 0.0002055800287052989]"
Benign_60,gadf,5,0,0,"[0.9760595560073853, 0.023940475657582283]"
Benign_64,gadf,5,0,0,"[0.9997983574867249, 0.00020169031631667167]"
Benign_71,gadf,5,0,0,"[0.704369306564331, 0.29563069343566895]"
Benign_72,gadf,5,0,0,"[0.9647358655929565, 0.035264093428850174]"
Malignant_3,gadf,5,1,1,"[0.003663760842755437, 0.9963362216949463]"
Malignant_7,gadf,5,1,0,"[0.9932703375816345, 0.006729686167091131]"
Malignant_16,gadf,5,1,1,"[0.04812248423695564, 0.9518774747848511]"
Malignant_18,gadf,5,1,1,"[0.03215860575437546, 0.9678414463996887]"
Malignant_24,gadf,5,1,1,"[0.0714261382818222, 0.9285738468170166]"
Malignant_25,gadf,5,1,1,"[0.0033956971019506454, 0.996604323387146]"
Malignant_29,gadf,5,1,1,"[0.0006509883678518236, 0.999349057674408]"
Malignant_38,gadf,5,1,1,"[0.008137891069054604, 0.9918620586395264]"
Malignant_39,gadf,5,1,1,"[0.21630793809890747, 0.7836920022964478]"
Malignant_40,gadf,5,1,1,"[0.02725636586546898, 0.972743570804596]"
Malignant_43,gadf,5,1,1,"[0.002155952388420701, 0.9978439807891846]"
Malignant_51,gadf,5,1,1,"[0.4065851867198944, 0.593414843082428]"
Malignant_57,gadf,5,1,1,"[0.015457622706890106, 0.9845423698425293]"
Malignant_59,gadf,5,1,1,"[0.2522355616092682, 0.7477644085884094]"
Malignant_68,gadf,5,1,0,"[0.6648750305175781, 0.3351249694824219]"
Malignant_73,gadf,5,1,1,"[0.1717505156993866, 0.828249454498291]"
Malignant_89,gadf,5,1,1,"[0.0004950661677867174, 0.9995049238204956]"
Malignant_90,gadf,5,1,1,"[0.008309143595397472, 0.9916908740997314]"
Malignant_91,gadf,5,1,1,"[0.0037251031026244164, 0.9962749481201172]"
Benign_1,img+recplot,1,0,0,"[0.9998962879180908, 0.00010369290976086631]"
Benign_4,img+recplot,1,0,0,"[0.9998801946640015, 0.00011978872498730198]"
Benign_7,img+recplot,1,0,0,"[0.9993076324462891, 0.0006923271575942636]"
Benign_9,img+recplot,1,0,0,"[0.9998036026954651, 0.00019645258726086468]"
Benign_13,img+recplot,1,0,0,"[0.9943509101867676, 0.005649023223668337]"
Benign_15,img+recplot,1,0,0,"[0.964744508266449, 0.03525543212890625]"
Benign_26,img+recplot,1,0,0,"[0.9714744687080383, 0.02852552756667137]"
Benign_36,img+recplot,1,0,0,"[0.9558440446853638, 0.044155899435281754]"
Benign_38,img+recplot,1,0,0,"[0.8218413591384888, 0.17815865576267242]"
Benign_41,img+recplot,1,0,0,"[0.99970942735672, 0.00029057415667921305]"
Benign_43,img+recplot,1,0,1,"[0.4872555732727051, 0.5127443671226501]"
Benign_57,img+recplot,1,0,0,"[0.9991724491119385, 0.0008275617146864533]"
Benign_65,img+recplot,1,0,0,"[0.9973074197769165, 0.0026926130522042513]"
Benign_68,img+recplot,1,0,0,"[0.9972921013832092, 0.0027078601997345686]"
Benign_73,img+recplot,1,0,0,"[0.9961884617805481, 0.003811552654951811]"
Malignant_6,img+recplot,1,1,1,"[0.13900043070316315, 0.860999584197998]"
Malignant_8,img+recplot,1,1,1,"[0.0002973712980747223, 0.9997026324272156]"
Malignant_15,img+recplot,1,1,1,"[0.041333671659231186, 0.9586662650108337]"
Malignant_17,img+recplot,1,1,1,"[0.032875411212444305, 0.9671245217323303]"
Malignant_19,img+recplot,1,1,1,"[0.24586352705955505, 0.7541364431381226]"
Malignant_20,img+recplot,1,1,1,"[0.3311004638671875, 0.6688995361328125]"
Malignant_32,img+recplot,1,1,1,"[0.14304867386817932, 0.8569512963294983]"
Malignant_35,img+recplot,1,1,1,"[0.057829901576042175, 0.9421701431274414]"
Malignant_46,img+recplot,1,1,1,"[0.2521423399448395, 0.7478575706481934]"
Malignant_47,img+recplot,1,1,1,"[0.0369979552924633, 0.96300208568573]"
Malignant_65,img+recplot,1,1,1,"[0.0004939120844937861, 0.9995061159133911]"
Malignant_66,img+recplot,1,1,1,"[0.08759144693613052, 0.9124085903167725]"
Malignant_69,img+recplot,1,1,1,"[0.1059517189860344, 0.894048273563385]"
Malignant_74,img+recplot,1,1,1,"[0.009033400565385818, 0.9909666776657104]"
Malignant_76,img+recplot,1,1,1,"[8.793352753855288e-05, 0.9999120235443115]"
Malignant_77,img+recplot,1,1,1,"[0.0042449701577425, 0.9957550764083862]"
Malignant_78,img+recplot,1,1,1,"[0.0003846004547085613, 0.9996153116226196]"
Malignant_82,img+recplot,1,1,1,"[0.013338468968868256, 0.9866614937782288]"
Benign_3,img+recplot,2,0,0,"[0.9999786615371704, 2.1279727661749348e-05]"
Benign_5,img+recplot,2,0,0,"[0.8334476351737976, 0.1665523648262024]"
Benign_16,img+recplot,2,0,0,"[0.9999998807907104, 1.1560302937141387e-07]"
Benign_22,img+recplot,2,0,0,"[0.9743812680244446, 0.02561870403587818]"
Benign_32,img+recplot,2,0,0,"[0.9995131492614746, 0.0004868532414548099]"
Benign_34,img+recplot,2,0,1,"[0.43507882952690125, 0.5649212598800659]"
Benign_39,img+recplot,2,0,0,"[0.8923256397247314, 0.10767439007759094]"
Benign_49,img+recplot,2,0,0,"[0.9999923706054688, 7.5750444921141025e-06]"
Benign_50,img+recplot,2,0,0,"[0.8964781761169434, 0.10352188348770142]"
Benign_52,img+recplot,2,0,0,"[0.9186831712722778, 0.08131684362888336]"
Benign_54,img+recplot,2,0,0,"[0.9899964332580566, 0.010003631003201008]"
Benign_62,img+recplot,2,0,0,"[0.9999902248382568, 9.731372301757801e-06]"
Benign_67,img+recplot,2,0,1,"[0.2681293189525604, 0.7318706512451172]"
Benign_69,img+recplot,2,0,0,"[0.9872781038284302, 0.01272190548479557]"
Benign_70,img+recplot,2,0,0,"[0.9954779744148254, 0.0045220633037388325]"
Malignant_1,img+recplot,2,1,0,"[0.5849878787994385, 0.4150121212005615]"
Malignant_4,img+recplot,2,1,1,"[0.0005878566880710423, 0.9994121789932251]"
Malignant_10,img+recplot,2,1,1,"[0.0051307533867657185, 0.9948692321777344]"
Malignant_11,img+recplot,2,1,1,"[0.00014126754831522703, 0.9998587369918823]"
Malignant_14,img+recplot,2,1,1,"[0.4012607932090759, 0.5987392067909241]"
Malignant_21,img+recplot,2,1,0,"[0.6026772260665894, 0.39732280373573303]"
Malignant_31,img+recplot,2,1,1,"[0.004319693427532911, 0.9956803321838379]"
Malignant_34,img+recplot,2,1,1,"[0.08073444664478302, 0.9192655682563782]"
Malignant_53,img+recplot,2,1,1,"[0.009322136640548706, 0.9906778335571289]"
Malignant_54,img+recplot,2,1,1,"[0.0018619017209857702, 0.9981380701065063]"
Malignant_60,img+recplot,2,1,1,"[0.0006589382537640631, 0.9993410706520081]"
Malignant_64,img+recplot,2,1,1,"[0.04704290255904198, 0.9529570937156677]"
Malignant_67,img+recplot,2,1,1,"[0.0011315894080325961, 0.998868465423584]"
Malignant_70,img+recplot,2,1,1,"[0.03314220905303955, 0.9668577909469604]"
Malignant_72,img+recplot,2,1,1,"[0.07004973292350769, 0.9299502372741699]"
Malignant_83,img+recplot,2,1,1,"[0.027081774547696114, 0.9729182124137878]"
Malignant_86,img+recplot,2,1,1,"[0.12376771867275238, 0.8762322664260864]"
Malignant_87,img+recplot,2,1,1,"[0.05378682538866997, 0.9462131261825562]"
Benign_8,img+recplot,3,0,0,"[0.8941982388496399, 0.10580168664455414]"
Benign_12,img+recplot,3,0,0,"[0.9918428659439087, 0.008157193660736084]"
Benign_19,img+recplot,3,0,0,"[0.8244664669036865, 0.17553360760211945]"
Benign_20,img+recplot,3,0,0,"[0.9980148077011108, 0.0019852332770824432]"
Benign_23,img+recplot,3,0,0,"[0.9764397740364075, 0.02356019802391529]"
Benign_24,img+recplot,3,0,0,"[0.9880576133728027, 0.01194237545132637]"
Benign_28,img+recplot,3,0,0,"[0.9933376312255859, 0.0066623929888010025]"
Benign_29,img+recplot,3,0,0,"[0.8622934818267822, 0.13770657777786255]"
Benign_35,img+recplot,3,0,0,"[0.9997720122337341, 0.00022796090343035758]"
Benign_40,img+recplot,3,0,0,"[0.9528639316558838, 0.04713602736592293]"
Benign_44,img+recplot,3,0,0,"[0.9999092817306519, 9.067312203114852e-05]"
Benign_51,img+recplot,3,0,0,"[0.9815528988838196, 0.018447089940309525]"
Benign_58,img+recplot,3,0,0,"[0.9979118704795837, 0.0020880773663520813]"
Benign_61,img+recplot,3,0,0,"[0.9952257871627808, 0.004774225410073996]"
Benign_63,img+recplot,3,0,0,"[0.9980980753898621, 0.001901986193843186]"
Malignant_2,img+recplot,3,1,1,"[0.17673267424106598, 0.8232672810554504]"
Malignant_9,img+recplot,3,1,1,"[0.4856373369693756, 0.5143627524375916]"
Malignant_13,img+recplot,3,1,1,"[0.10921576619148254, 0.8907842636108398]"
Malignant_26,img+recplot,3,1,1,"[0.1387641727924347, 0.8612358570098877]"
Malignant_27,img+recplot,3,1,0,"[0.5227733850479126, 0.4772266149520874]"
Malignant_36,img+recplot,3,1,1,"[0.2138405740261078, 0.7861593961715698]"
Malignant_37,img+recplot,3,1,1,"[0.34445157647132874, 0.6555483937263489]"
Malignant_41,img+recplot,3,1,1,"[0.4799098074436188, 0.5200901627540588]"
Malignant_45,img+recplot,3,1,1,"[0.08977247029542923, 0.9102275371551514]"
Malignant_48,img+recplot,3,1,1,"[0.32632502913475037, 0.673675000667572]"
Malignant_50,img+recplot,3,1,1,"[0.4882619082927704, 0.5117380619049072]"
Malignant_55,img+recplot,3,1,1,"[0.14062419533729553, 0.8593758344650269]"
Malignant_56,img+recplot,3,1,1,"[0.10793530195951462, 0.8920646905899048]"
Malignant_58,img+recplot,3,1,1,"[0.4660596251487732, 0.5339404344558716]"
Malignant_62,img+recplot,3,1,1,"[0.27160003781318665, 0.7283999919891357]"
Malignant_81,img+recplot,3,1,0,"[0.6139676570892334, 0.386032372713089]"
Malignant_84,img+recplot,3,1,1,"[0.28287285566329956, 0.7171270847320557]"
Malignant_88,img+recplot,3,1,1,"[0.09465314447879791, 0.9053468704223633]"
Benign_10,img+recplot,4,0,0,"[0.9874003529548645, 0.012599676847457886]"
Benign_14,img+recplot,4,0,0,"[0.9143091440200806, 0.08569086343050003]"
Benign_17,img+recplot,4,0,0,"[0.9060319066047668, 0.09396808594465256]"
Benign_18,img+recplot,4,0,0,"[0.9793742895126343, 0.02062574215233326]"
Benign_27,img+recplot,4,0,0,"[0.9921913743019104, 0.007808648515492678]"
Benign_30,img+recplot,4,0,0,"[0.9202523231506348, 0.07974771410226822]"
Benign_31,img+recplot,4,0,0,"[0.9416323304176331, 0.05836760997772217]"
Benign_33,img+recplot,4,0,0,"[0.8730714917182922, 0.12692847847938538]"
Benign_37,img+recplot,4,0,0,"[0.791732907295227, 0.20826706290245056]"
Benign_42,img+recplot,4,0,0,"[0.9912797808647156, 0.008720179088413715]"
Benign_46,img+recplot,4,0,0,"[0.9952787160873413, 0.004721319302916527]"
Benign_47,img+recplot,4,0,0,"[0.8250992894172668, 0.17490074038505554]"
Benign_53,img+recplot,4,0,0,"[0.9981803894042969, 0.0018196417950093746]"
Benign_66,img+recplot,4,0,0,"[0.767718493938446, 0.23228150606155396]"
Benign_74,img+recplot,4,0,0,"[0.9999326467514038, 6.734325870638713e-05]"
Malignant_5,img+recplot,4,1,1,"[0.30314305424690247, 0.6968569755554199]"
Malignant_12,img+recplot,4,1,1,"[0.094715416431427, 0.905284583568573]"
Malignant_22,img+recplot,4,1,0,"[0.5568133592605591, 0.4431866705417633]"
Malignant_23,img+recplot,4,1,1,"[9.089380910154432e-06, 0.9999909400939941]"
Malignant_28,img+recplot,4,1,1,"[0.18437184393405914, 0.8156282305717468]"
Malignant_30,img+recplot,4,1,1,"[0.0014028089353814721, 0.9985972046852112]"
Malignant_33,img+recplot,4,1,1,"[0.1582421064376831, 0.8417578935623169]"
Malignant_42,img+recplot,4,1,1,"[0.0701686441898346, 0.929831326007843]"
Malignant_44,img+recplot,4,1,1,"[0.016305934637784958, 0.9836941361427307]"
Malignant_49,img+recplot,4,1,1,"[0.006379337515681982, 0.9936206936836243]"
Malignant_52,img+recplot,4,1,1,"[0.01737344264984131, 0.9826265573501587]"
Malignant_61,img+recplot,4,1,1,"[0.011039325967431068, 0.9889606833457947]"
Malignant_63,img+recplot,4,1,1,"[0.007358354050666094, 0.9926416277885437]"
Malignant_71,img+recplot,4,1,1,"[0.16503897309303284, 0.8349610567092896]"
Malignant_75,img+recplot,4,1,1,"[0.07129230350255966, 0.9287077188491821]"
Malignant_79,img+recplot,4,1,1,"[0.09493554383516312, 0.9050644636154175]"
Malignant_80,img+recplot,4,1,1,"[0.0038616606034338474, 0.9961382746696472]"
Malignant_85,img+recplot,4,1,1,"[0.020505806431174278, 0.9794942140579224]"
Benign_2,img+recplot,5,0,0,"[0.9998501539230347, 0.0001498802739661187]"
Benign_6,img+recplot,5,0,0,"[0.9959670305252075, 0.004032942932099104]"
Benign_11,img+recplot,5,0,0,"[0.9995666146278381, 0.0004334254772402346]"
Benign_21,img+recplot,5,0,0,"[0.992002010345459, 0.007998044602572918]"
Benign_25,img+recplot,5,0,0,"[0.5764608979225159, 0.4235391318798065]"
Benign_45,img+recplot,5,0,0,"[0.9824548363685608, 0.017545195296406746]"
Benign_48,img+recplot,5,0,0,"[0.9943407773971558, 0.005659145303070545]"
Benign_55,img+recplot,5,0,0,"[0.9862236380577087, 0.013776362873613834]"
Benign_56,img+recplot,5,0,0,"[0.7062757611274719, 0.29372429847717285]"
Benign_59,img+recplot,5,0,0,"[0.9980769157409668, 0.0019230206962674856]"
Benign_60,img+recplot,5,0,0,"[0.8433308005332947, 0.1566692292690277]"
Benign_64,img+recplot,5,0,0,"[0.9974411725997925, 0.002558770589530468]"
Benign_71,img+recplot,5,0,0,"[0.9984188079833984, 0.0015812207711860538]"
Benign_72,img+recplot,5,0,0,"[0.9998761415481567, 0.0001238302211277187]"
Malignant_3,img+recplot,5,1,1,"[0.00013605087588075548, 0.9998639822006226]"
Malignant_7,img+recplot,5,1,1,"[0.15982693433761597, 0.840173065662384]"
Malignant_16,img+recplot,5,1,1,"[0.003368731588125229, 0.9966313242912292]"
Malignant_18,img+recplot,5,1,1,"[0.009637083858251572, 0.9903629422187805]"
Malignant_24,img+recplot,5,1,1,"[0.0038033993914723396, 0.9961966276168823]"
Malignant_25,img+recplot,5,1,1,"[0.11085230857133865, 0.8891476988792419]"
Malignant_29,img+recplot,5,1,1,"[0.008094162680208683, 0.9919058084487915]"
Malignant_38,img+recplot,5,1,1,"[0.02774214744567871, 0.9722579121589661]"
Malignant_39,img+recplot,5,1,1,"[0.4439924955368042, 0.556007444858551]"
Malignant_40,img+recplot,5,1,1,"[0.0003649562131613493, 0.9996349811553955]"
Malignant_43,img+recplot,5,1,1,"[0.06512397527694702, 0.934876024723053]"
Malignant_51,img+recplot,5,1,1,"[0.014869801700115204, 0.9851301908493042]"
Malignant_57,img+recplot,5,1,0,"[0.6253166794776917, 0.3746833801269531]"
Malignant_59,img+recplot,5,1,1,"[0.4668008089065552, 0.5331991910934448]"
Malignant_68,img+recplot,5,1,1,"[0.0022797188721597195, 0.9977203011512756]"
Malignant_73,img+recplot,5,1,1,"[0.08959425240755081, 0.9104057550430298]"
Malignant_89,img+recplot,5,1,1,"[0.15779778361320496, 0.8422022461891174]"
Malignant_90,img+recplot,5,1,1,"[0.04908336326479912, 0.9509166479110718]"
Malignant_91,img+recplot,5,1,1,"[0.07674869149923325, 0.9232513308525085]"
Benign_1,img+mtf,1,0,0,"[0.9963340759277344, 0.0036658640019595623]"
Benign_4,img+mtf,1,0,0,"[0.9879967570304871, 0.01200328953564167]"
Benign_7,img+mtf,1,0,0,"[0.9999823570251465, 1.7692664187052287e-05]"
Benign_9,img+mtf,1,0,0,"[0.994554877281189, 0.00544512877240777]"
Benign_13,img+mtf,1,0,0,"[0.9596458673477173, 0.04035409912467003]"
Benign_15,img+mtf,1,0,0,"[0.9613823294639587, 0.03861760348081589]"
Benign_26,img+mtf,1,0,0,"[0.9375899434089661, 0.06240998953580856]"
Benign_36,img+mtf,1,0,0,"[0.9755927324295044, 0.02440718747675419]"
Benign_38,img+mtf,1,0,0,"[0.870216965675354, 0.12978298962116241]"
Benign_41,img+mtf,1,0,0,"[0.9720808863639832, 0.027919111773371696]"
Benign_43,img+mtf,1,0,0,"[0.7182933688163757, 0.2817066013813019]"
Benign_57,img+mtf,1,0,0,"[0.9366586208343506, 0.06334138661623001]"
Benign_65,img+mtf,1,0,0,"[0.9936364889144897, 0.006363522261381149]"
Benign_68,img+mtf,1,0,0,"[0.9747897982597351, 0.02521025761961937]"
Benign_73,img+mtf,1,0,0,"[0.9874169826507568, 0.012583041563630104]"
Malignant_6,img+mtf,1,1,1,"[0.016146790236234665, 0.9838532209396362]"
Malignant_8,img+mtf,1,1,0,"[0.7939348220825195, 0.20606519281864166]"
Malignant_15,img+mtf,1,1,1,"[0.005896799266338348, 0.9941032528877258]"
Malignant_17,img+mtf,1,1,1,"[0.020363597199320793, 0.9796364307403564]"
Malignant_19,img+mtf,1,1,1,"[0.036672547459602356, 0.9633274078369141]"
Malignant_20,img+mtf,1,1,1,"[0.040783364325761795, 0.9592165946960449]"
Malignant_32,img+mtf,1,1,1,"[0.06387761235237122, 0.9361224174499512]"
Malignant_35,img+mtf,1,1,1,"[0.056778013706207275, 0.9432219862937927]"
Malignant_46,img+mtf,1,1,1,"[0.10372911393642426, 0.8962708711624146]"
Malignant_47,img+mtf,1,1,1,"[0.16936643421649933, 0.8306335210800171]"
Malignant_65,img+mtf,1,1,1,"[0.0030948263593018055, 0.9969051480293274]"
Malignant_66,img+mtf,1,1,1,"[0.0010603282134979963, 0.9989396929740906]"
Malignant_69,img+mtf,1,1,1,"[0.07920050621032715, 0.9207995533943176]"
Malignant_74,img+mtf,1,1,1,"[0.12070400267839432, 0.8792960047721863]"
Malignant_76,img+mtf,1,1,1,"[5.226263601798564e-05, 0.9999477863311768]"
Malignant_77,img+mtf,1,1,1,"[0.009411700069904327, 0.9905883073806763]"
Malignant_78,img+mtf,1,1,1,"[0.05309140309691429, 0.9469085335731506]"
Malignant_82,img+mtf,1,1,1,"[0.1028873398900032, 0.8971126675605774]"
Benign_3,img+mtf,2,0,0,"[0.9999433755874634, 5.667877121595666e-05]"
Benign_5,img+mtf,2,0,0,"[0.8989275097846985, 0.10107246041297913]"
Benign_16,img+mtf,2,0,0,"[0.9954584836959839, 0.004541483242064714]"
Benign_22,img+mtf,2,0,0,"[0.9604560732841492, 0.03954397886991501]"
Benign_32,img+mtf,2,0,0,"[0.9970111846923828, 0.0029888292774558067]"
Benign_34,img+mtf,2,0,0,"[0.9733255505561829, 0.026674499735236168]"
Benign_39,img+mtf,2,0,0,"[0.9978723526000977, 0.0021275903563946486]"
Benign_49,img+mtf,2,0,0,"[0.984236478805542, 0.015763552859425545]"
Benign_50,img+mtf,2,0,1,"[0.014347122050821781, 0.9856529235839844]"
Benign_52,img+mtf,2,0,0,"[0.9999328851699829, 6.715958443237469e-05]"
Benign_54,img+mtf,2,0,0,"[0.9871297478675842, 0.012870178557932377]"
Benign_62,img+mtf,2,0,0,"[0.9999998807907104, 6.985255396330103e-08]"
Benign_67,img+mtf,2,0,0,"[0.9963059425354004, 0.003694049548357725]"
Benign_69,img+mtf,2,0,0,"[0.9972248077392578, 0.0027751915622502565]"
Benign_70,img+mtf,2,0,0,"[0.9999445676803589, 5.543862789636478e-05]"
Malignant_1,img+mtf,2,1,1,"[0.021021727472543716, 0.9789782166481018]"
Malignant_4,img+mtf,2,1,1,"[0.09926678985357285, 0.900733232498169]"
Malignant_10,img+mtf,2,1,1,"[0.216639906167984, 0.7833600640296936]"
Malignant_11,img+mtf,2,1,1,"[0.05650279298424721, 0.9434971809387207]"
Malignant_14,img+mtf,2,1,1,"[0.05675138160586357, 0.9432486295700073]"
Malignant_21,img+mtf,2,1,1,"[0.001245340215973556, 0.998754620552063]"
Malignant_31,img+mtf,2,1,1,"[0.05665578693151474, 0.9433441758155823]"
Malignant_34,img+mtf,2,1,1,"[0.16563646495342255, 0.8343635201454163]"
Malignant_53,img+mtf,2,1,1,"[0.005662490148097277, 0.9943374991416931]"
Malignant_54,img+mtf,2,1,1,"[0.0037401437293738127, 0.9962599277496338]"
Malignant_60,img+mtf,2,1,1,"[0.04863375052809715, 0.9513662457466125]"
Malignant_64,img+mtf,2,1,1,"[0.00033230887493118644, 0.9996676445007324]"
Malignant_67,img+mtf,2,1,1,"[0.09224647283554077, 0.9077534675598145]"
Malignant_70,img+mtf,2,1,1,"[0.005902409087866545, 0.9940975904464722]"
Malignant_72,img+mtf,2,1,1,"[0.021197441965341568, 0.9788025617599487]"
Malignant_83,img+mtf,2,1,1,"[0.00024162228510249406, 0.9997584223747253]"
Malignant_86,img+mtf,2,1,1,"[0.011014273390173912, 0.9889857769012451]"
Malignant_87,img+mtf,2,1,1,"[0.00017263114568777382, 0.9998273849487305]"
Benign_8,img+mtf,3,0,0,"[0.9999680519104004, 3.1954430596670136e-05]"
Benign_12,img+mtf,3,0,0,"[0.9971303343772888, 0.0028697308152914047]"
Benign_19,img+mtf,3,0,0,"[0.9999208450317383, 7.917722541606054e-05]"
Benign_20,img+mtf,3,0,0,"[0.9372084736824036, 0.06279151141643524]"
Benign_23,img+mtf,3,0,1,"[0.1694355458021164, 0.8305644392967224]"
Benign_24,img+mtf,3,0,0,"[0.9623862504959106, 0.03761377930641174]"
Benign_28,img+mtf,3,0,0,"[0.6149939298629761, 0.3850060999393463]"
Benign_29,img+mtf,3,0,0,"[0.9185556769371033, 0.08144427090883255]"
Benign_35,img+mtf,3,0,0,"[0.999764621257782, 0.0002353327436139807]"
Benign_40,img+mtf,3,0,0,"[0.9983952641487122, 0.0016047201352193952]"
Benign_44,img+mtf,3,0,0,"[0.9760770201683044, 0.023922938853502274]"
Benign_51,img+mtf,3,0,0,"[0.9941779375076294, 0.005822034552693367]"
Benign_58,img+mtf,3,0,0,"[0.9998076558113098, 0.00019241400877945125]"
Benign_61,img+mtf,3,0,0,"[0.9999130964279175, 8.688123489264399e-05]"
Benign_63,img+mtf,3,0,0,"[0.9998570680618286, 0.00014286793884821236]"
Malignant_2,img+mtf,3,1,1,"[0.02129540964961052, 0.978704571723938]"
Malignant_9,img+mtf,3,1,1,"[0.06584206223487854, 0.9341579675674438]"
Malignant_13,img+mtf,3,1,1,"[0.007844123058021069, 0.9921557903289795]"
Malignant_26,img+mtf,3,1,1,"[0.0013400792377069592, 0.9986599683761597]"
Malignant_27,img+mtf,3,1,0,"[0.7042593955993652, 0.29574063420295715]"
Malignant_36,img+mtf,3,1,1,"[0.0011549354530870914, 0.9988449811935425]"
Malignant_37,img+mtf,3,1,1,"[1.1110467212915864e-08, 1.0]"
Malignant_41,img+mtf,3,1,1,"[0.011508513242006302, 0.9884915351867676]"
Malignant_45,img+mtf,3,1,1,"[0.0025088582187891006, 0.9974911212921143]"
Malignant_48,img+mtf,3,1,1,"[0.0010434426367282867, 0.998956561088562]"
Malignant_50,img+mtf,3,1,1,"[0.014937476254999638, 0.9850624799728394]"
Malignant_55,img+mtf,3,1,1,"[0.0032880736980587244, 0.9967119693756104]"
Malignant_56,img+mtf,3,1,1,"[7.282700948962884e-07, 0.9999992847442627]"
Malignant_58,img+mtf,3,1,1,"[0.017595600336790085, 0.9824044108390808]"
Malignant_62,img+mtf,3,1,1,"[0.00010602853581076488, 0.9998939037322998]"
Malignant_81,img+mtf,3,1,1,"[3.043596450424957e-07, 0.9999996423721313]"
Malignant_84,img+mtf,3,1,1,"[1.649775185796898e-05, 0.999983549118042]"
Malignant_88,img+mtf,3,1,1,"[1.8225883025024814e-08, 1.0]"
Benign_10,img+mtf,4,0,0,"[0.9999276399612427, 7.229851325973868e-05]"
Benign_14,img+mtf,4,0,0,"[0.9790919423103333, 0.020908087491989136]"
Benign_17,img+mtf,4,0,0,"[0.9948084950447083, 0.00519155478104949]"
Benign_18,img+mtf,4,0,0,"[0.9773525595664978, 0.022647501900792122]"
Benign_27,img+mtf,4,0,0,"[0.9099343419075012, 0.09006563574075699]"
Benign_30,img+mtf,4,0,0,"[0.7753490209579468, 0.22465093433856964]"
Benign_31,img+mtf,4,0,0,"[0.704222559928894, 0.29577749967575073]"
Benign_33,img+mtf,4,0,0,"[0.9755429625511169, 0.024457061663269997]"
Benign_37,img+mtf,4,0,1,"[0.32466921210289, 0.6753308176994324]"
Benign_42,img+mtf,4,0,0,"[0.9992231130599976, 0.0007768657524138689]"
Benign_46,img+mtf,4,0,0,"[0.9996795654296875, 0.00032044152612797916]"
Benign_47,img+mtf,4,0,0,"[0.9281346201896667, 0.07186537235975266]"
Benign_53,img+mtf,4,0,0,"[0.9995877146720886, 0.0004123395192436874]"
Benign_66,img+mtf,4,0,0,"[0.9976199269294739, 0.0023801077622920275]"
Benign_74,img+mtf,4,0,0,"[0.9788899421691895, 0.021110061556100845]"
Malignant_5,img+mtf,4,1,1,"[0.0242740660905838, 0.9757260084152222]"
Malignant_12,img+mtf,4,1,1,"[0.00017802108777686954, 0.9998219609260559]"
Malignant_22,img+mtf,4,1,1,"[0.35138052701950073, 0.648619532585144]"
Malignant_23,img+mtf,4,1,1,"[4.05683385906741e-05, 0.9999594688415527]"
Malignant_28,img+mtf,4,1,1,"[1.3927011544012657e-08, 1.0]"
Malignant_30,img+mtf,4,1,1,"[0.0007933348533697426, 0.9992067217826843]"
Malignant_33,img+mtf,4,1,1,"[0.0007471207063645124, 0.9992528557777405]"
Malignant_42,img+mtf,4,1,1,"[0.029917635023593903, 0.9700824022293091]"
Malignant_44,img+mtf,4,1,1,"[0.002616376616060734, 0.9973836541175842]"
Malignant_49,img+mtf,4,1,1,"[0.002997804433107376, 0.9970021843910217]"
Malignant_52,img+mtf,4,1,1,"[0.04233618825674057, 0.9576637744903564]"
Malignant_61,img+mtf,4,1,1,"[0.00034721617703326046, 0.9996527433395386]"
Malignant_63,img+mtf,4,1,1,"[0.002557691652327776, 0.997442364692688]"
Malignant_71,img+mtf,4,1,1,"[0.002010155702009797, 0.9979898929595947]"
Malignant_75,img+mtf,4,1,1,"[0.0051597971469163895, 0.9948402047157288]"
Malignant_79,img+mtf,4,1,1,"[4.041527063236572e-05, 0.9999595880508423]"
Malignant_80,img+mtf,4,1,1,"[0.0023674615658819675, 0.9976325035095215]"
Malignant_85,img+mtf,4,1,1,"[0.0044477228075265884, 0.9955522418022156]"
Benign_2,img+mtf,5,0,0,"[0.9999575614929199, 4.243092189426534e-05]"
Benign_6,img+mtf,5,0,0,"[0.9995854496955872, 0.00041456837789155543]"
Benign_11,img+mtf,5,0,0,"[0.9999815225601196, 1.8420812921249308e-05]"
Benign_21,img+mtf,5,0,0,"[0.9967330694198608, 0.003266910556703806]"
Benign_25,img+mtf,5,0,1,"[0.20378530025482178, 0.7962146401405334]"
Benign_45,img+mtf,5,0,0,"[0.9451354146003723, 0.054864536970853806]"
Benign_48,img+mtf,5,0,0,"[0.9505199193954468, 0.04948016628623009]"
Benign_55,img+mtf,5,0,0,"[0.9994460940361023, 0.0005539284320548177]"
Benign_56,img+mtf,5,0,0,"[0.9898788928985596, 0.010121053084731102]"
Benign_59,img+mtf,5,0,0,"[0.9980263113975525, 0.0019736106041818857]"
Benign_60,img+mtf,5,0,0,"[0.9949093461036682, 0.005090695805847645]"
Benign_64,img+mtf,5,0,0,"[0.9999971389770508, 2.864647285605315e-06]"
Benign_71,img+mtf,5,0,0,"[0.9999979734420776, 1.979910621230374e-06]"
Benign_72,img+mtf,5,0,0,"[1.0, 6.0995519746143145e-09]"
Malignant_3,img+mtf,5,1,1,"[0.06748136878013611, 0.9325186610221863]"
Malignant_7,img+mtf,5,1,1,"[0.06711596995592117, 0.9328840374946594]"
Malignant_16,img+mtf,5,1,1,"[0.12070389091968536, 0.8792961239814758]"
Malignant_18,img+mtf,5,1,1,"[0.0006787028978578746, 0.9993213415145874]"
Malignant_24,img+mtf,5,1,1,"[0.02645789459347725, 0.9735420942306519]"
Malignant_25,img+mtf,5,1,1,"[0.06082970276474953, 0.9391703009605408]"
Malignant_29,img+mtf,5,1,1,"[0.04469237104058266, 0.95530766248703]"
Malignant_38,img+mtf,5,1,1,"[0.017729081213474274, 0.9822708964347839]"
Malignant_39,img+mtf,5,1,1,"[0.22912682592868805, 0.7708731889724731]"
Malignant_40,img+mtf,5,1,1,"[0.011890452355146408, 0.9881095290184021]"
Malignant_43,img+mtf,5,1,1,"[0.053902048617601395, 0.9460979700088501]"
Malignant_51,img+mtf,5,1,1,"[0.05117262899875641, 0.94882732629776]"
Malignant_57,img+mtf,5,1,1,"[0.48106226325035095, 0.5189377069473267]"
Malignant_59,img+mtf,5,1,1,"[0.18943367898464203, 0.8105663657188416]"
Malignant_68,img+mtf,5,1,1,"[0.000317975616781041, 0.9996820688247681]"
Malignant_73,img+mtf,5,1,1,"[0.06790891289710999, 0.9320910573005676]"
Malignant_89,img+mtf,5,1,1,"[0.0016537051415070891, 0.9983463287353516]"
Malignant_90,img+mtf,5,1,1,"[1.5342777714977274e-06, 0.9999984502792358]"
Malignant_91,img+mtf,5,1,1,"[1.4510312212223653e-05, 0.9999854564666748]"
Benign_1,img+gasf,1,0,0,"[0.9916620254516602, 0.008337922394275665]"
Benign_4,img+gasf,1,0,0,"[0.9995133876800537, 0.00048664514906704426]"
Benign_7,img+gasf,1,0,0,"[0.9988420605659485, 0.001157984952442348]"
Benign_9,img+gasf,1,0,0,"[0.9998935461044312, 0.00010644661961123347]"
Benign_13,img+gasf,1,0,0,"[0.9863477945327759, 0.013652178458869457]"
Benign_15,img+gasf,1,0,0,"[0.8927435874938965, 0.10725636780261993]"
Benign_26,img+gasf,1,0,0,"[0.9230054616928101, 0.07699455320835114]"
Benign_36,img+gasf,1,0,0,"[0.999813973903656, 0.0001860761403804645]"
Benign_38,img+gasf,1,0,0,"[0.9729006290435791, 0.027099333703517914]"
Benign_41,img+gasf,1,0,0,"[0.9999843835830688, 1.5627072571078315e-05]"
Benign_43,img+gasf,1,0,0,"[0.847324788570404, 0.15267515182495117]"
Benign_57,img+gasf,1,0,0,"[0.9866551160812378, 0.013344910927116871]"
Benign_65,img+gasf,1,0,0,"[0.9952604174613953, 0.004739607218652964]"
Benign_68,img+gasf,1,0,0,"[0.9964869022369385, 0.0035131340846419334]"
Benign_73,img+gasf,1,0,0,"[0.8560696840286255, 0.1439303606748581]"
Malignant_6,img+gasf,1,1,1,"[0.02667972259223461, 0.9733203053474426]"
Malignant_8,img+gasf,1,1,1,"[0.12092061340808868, 0.8790794014930725]"
Malignant_15,img+gasf,1,1,1,"[0.12704068422317505, 0.872959315776825]"
Malignant_17,img+gasf,1,1,1,"[0.01147734746336937, 0.9885226488113403]"
Malignant_19,img+gasf,1,1,1,"[0.497158944606781, 0.502841055393219]"
Malignant_20,img+gasf,1,1,1,"[0.018351810052990913, 0.9816482067108154]"
Malignant_32,img+gasf,1,1,1,"[0.1551915556192398, 0.8448083996772766]"
Malignant_35,img+gasf,1,1,1,"[0.18973004817962646, 0.8102699518203735]"
Malignant_46,img+gasf,1,1,1,"[0.30955588817596436, 0.6904441118240356]"
Malignant_47,img+gasf,1,1,1,"[0.09769072383642197, 0.9023092985153198]"
Malignant_65,img+gasf,1,1,1,"[0.0006412275251932442, 0.9993588328361511]"
Malignant_66,img+gasf,1,1,1,"[0.004630676005035639, 0.9953692555427551]"
Malignant_69,img+gasf,1,1,1,"[0.24340109527111053, 0.7565988898277283]"
Malignant_74,img+gasf,1,1,1,"[0.051049165427684784, 0.9489508867263794]"
Malignant_76,img+gasf,1,1,1,"[0.09827103465795517, 0.9017289876937866]"
Malignant_77,img+gasf,1,1,1,"[0.0007909589330665767, 0.9992091059684753]"
Malignant_78,img+gasf,1,1,1,"[0.21066342294216156, 0.7893365621566772]"
Malignant_82,img+gasf,1,1,1,"[0.13440242409706116, 0.8655975461006165]"
Benign_3,img+gasf,2,0,0,"[0.9999407529830933, 5.9301102737663314e-05]"
Benign_5,img+gasf,2,0,0,"[0.9303066730499268, 0.06969326734542847]"
Benign_16,img+gasf,2,0,0,"[0.9861738681793213, 0.013826082460582256]"
Benign_22,img+gasf,2,0,0,"[0.9142835140228271, 0.08571649342775345]"
Benign_32,img+gasf,2,0,0,"[0.9929476976394653, 0.007052289322018623]"
Benign_34,img+gasf,2,0,0,"[0.5899574160575867, 0.41004258394241333]"
Benign_39,img+gasf,2,0,0,"[0.9992955923080444, 0.0007043562363833189]"
Benign_49,img+gasf,2,0,0,"[0.9596603512763977, 0.040339644998311996]"
Benign_50,img+gasf,2,0,1,"[0.41317325830459595, 0.5868266820907593]"
Benign_52,img+gasf,2,0,0,"[0.9322856068611145, 0.06771440804004669]"
Benign_54,img+gasf,2,0,0,"[0.9994862079620361, 0.000513821782078594]"
Benign_62,img+gasf,2,0,0,"[0.9999996423721313, 3.1060332617016684e-07]"
Benign_67,img+gasf,2,0,0,"[0.9822176098823547, 0.017782388255000114]"
Benign_69,img+gasf,2,0,0,"[0.9945619702339172, 0.005438006017357111]"
Benign_70,img+gasf,2,0,0,"[0.9999750852584839, 2.494888030923903e-05]"
Malignant_1,img+gasf,2,1,1,"[0.03450588509440422, 0.9654941558837891]"
Malignant_4,img+gasf,2,1,1,"[0.08836597949266434, 0.9116339683532715]"
Malignant_10,img+gasf,2,1,1,"[0.00881216675043106, 0.9911878108978271]"
Malignant_11,img+gasf,2,1,1,"[0.0003200513019692153, 0.9996799230575562]"
Malignant_14,img+gasf,2,1,1,"[0.0005396007327362895, 0.9994603991508484]"
Malignant_21,img+gasf,2,1,1,"[5.780176797998138e-05, 0.9999421834945679]"
Malignant_31,img+gasf,2,1,1,"[0.011031093075871468, 0.9889688491821289]"
Malignant_34,img+gasf,2,1,1,"[0.0007851808913983405, 0.999214768409729]"
Malignant_53,img+gasf,2,1,1,"[0.0005494702490977943, 0.9994505047798157]"
Malignant_54,img+gasf,2,1,1,"[0.004522552248090506, 0.9954774975776672]"
Malignant_60,img+gasf,2,1,1,"[0.005080319009721279, 0.9949197173118591]"
Malignant_64,img+gasf,2,1,1,"[0.0083206407725811, 0.9916793704032898]"
Malignant_67,img+gasf,2,1,1,"[0.0004952450981363654, 0.999504804611206]"
Malignant_70,img+gasf,2,1,1,"[0.0080026313662529, 0.9919974207878113]"
Malignant_72,img+gasf,2,1,1,"[0.000714153575245291, 0.999285876750946]"
Malignant_83,img+gasf,2,1,1,"[0.0005864101112820208, 0.9994136095046997]"
Malignant_86,img+gasf,2,1,1,"[0.0001226915483130142, 0.9998773336410522]"
Malignant_87,img+gasf,2,1,1,"[0.00011844491382362321, 0.9998815059661865]"
Benign_8,img+gasf,3,0,0,"[0.9709317088127136, 0.0290683563798666]"
Benign_12,img+gasf,3,0,0,"[0.9997981190681458, 0.0002019133244175464]"
Benign_19,img+gasf,3,0,0,"[0.960761547088623, 0.03923844173550606]"
Benign_20,img+gasf,3,0,0,"[0.9782231450080872, 0.021776776760816574]"
Benign_23,img+gasf,3,0,1,"[0.44001859426498413, 0.5599814057350159]"
Benign_24,img+gasf,3,0,0,"[0.9403636455535889, 0.05963631346821785]"
Benign_28,img+gasf,3,0,0,"[0.9901703000068665, 0.00982968881726265]"
Benign_29,img+gasf,3,0,0,"[0.6989269852638245, 0.3010730445384979]"
Benign_35,img+gasf,3,0,0,"[0.9894044399261475, 0.010595562867820263]"
Benign_40,img+gasf,3,0,0,"[0.9951948523521423, 0.004805114585906267]"
Benign_44,img+gasf,3,0,0,"[0.9923548698425293, 0.007645125035196543]"
Benign_51,img+gasf,3,0,0,"[0.9973104000091553, 0.0026895927730947733]"
Benign_58,img+gasf,3,0,0,"[0.9999915361404419, 8.481003533233888e-06]"
Benign_61,img+gasf,3,0,0,"[0.9999833106994629, 1.6668929674779065e-05]"
Benign_63,img+gasf,3,0,0,"[0.9803140163421631, 0.01968594454228878]"
Malignant_2,img+gasf,3,1,1,"[0.15574489533901215, 0.8442550897598267]"
Malignant_9,img+gasf,3,1,1,"[0.05922883376479149, 0.9407711625099182]"
Malignant_13,img+gasf,3,1,1,"[0.04475921392440796, 0.9552407264709473]"
Malignant_26,img+gasf,3,1,1,"[0.2791314721107483, 0.7208685278892517]"
Malignant_27,img+gasf,3,1,1,"[0.24983207881450653, 0.7501679062843323]"
Malignant_36,img+gasf,3,1,1,"[0.09179025143384933, 0.9082098007202148]"
Malignant_37,img+gasf,3,1,1,"[0.02018769085407257, 0.9798122644424438]"
Malignant_41,img+gasf,3,1,1,"[0.05809127166867256, 0.9419087171554565]"
Malignant_45,img+gasf,3,1,1,"[0.02469933219254017, 0.975300669670105]"
Malignant_48,img+gasf,3,1,1,"[0.10185320675373077, 0.8981468677520752]"
Malignant_50,img+gasf,3,1,1,"[0.005461923312395811, 0.9945380091667175]"
Malignant_55,img+gasf,3,1,1,"[0.009800344705581665, 0.990199625492096]"
Malignant_56,img+gasf,3,1,1,"[0.02627488784492016, 0.9737251400947571]"
Malignant_58,img+gasf,3,1,1,"[0.049609433859586716, 0.9503905773162842]"
Malignant_62,img+gasf,3,1,1,"[0.050527919083833694, 0.9494721293449402]"
Malignant_81,img+gasf,3,1,1,"[0.003488657297566533, 0.9965113997459412]"
Malignant_84,img+gasf,3,1,1,"[0.0002319220220670104, 0.999768078327179]"
Malignant_88,img+gasf,3,1,1,"[0.006051516160368919, 0.9939484596252441]"
Benign_10,img+gasf,4,0,0,"[0.9998989105224609, 0.00010110756556969136]"
Benign_14,img+gasf,4,0,0,"[0.9990791082382202, 0.0009208517149090767]"
Benign_17,img+gasf,4,0,0,"[0.9585018754005432, 0.041498105973005295]"
Benign_18,img+gasf,4,0,0,"[0.999731719493866, 0.00026830603019334376]"
Benign_27,img+gasf,4,0,0,"[0.9710803627967834, 0.028919639065861702]"
Benign_30,img+gasf,4,0,0,"[0.5335910320281982, 0.46640893816947937]"
Benign_31,img+gasf,4,0,0,"[0.6099734306335449, 0.39002659916877747]"
Benign_33,img+gasf,4,0,0,"[0.9786988496780396, 0.021301167085766792]"
Benign_37,img+gasf,4,0,0,"[0.6223836541175842, 0.3776163160800934]"
Benign_42,img+gasf,4,0,0,"[0.9999322891235352, 6.774454232072458e-05]"
Benign_46,img+gasf,4,0,0,"[0.9999291896820068, 7.086326513672248e-05]"
Benign_47,img+gasf,4,0,0,"[0.8835871815681458, 0.11641281098127365]"
Benign_53,img+gasf,4,0,0,"[0.9991488456726074, 0.0008511802298016846]"
Benign_66,img+gasf,4,0,0,"[0.9720251560211182, 0.027974886819720268]"
Benign_74,img+gasf,4,0,0,"[0.9999836683273315, 1.6297388356179e-05]"
Malignant_5,img+gasf,4,1,1,"[0.021639714017510414, 0.9783602952957153]"
Malignant_12,img+gasf,4,1,1,"[0.001025141216814518, 0.9989749193191528]"
Malignant_22,img+gasf,4,1,1,"[0.03636724874377251, 0.9636327624320984]"
Malignant_23,img+gasf,4,1,1,"[3.640620604983269e-07, 0.9999996423721313]"
Malignant_28,img+gasf,4,1,1,"[0.004507814534008503, 0.9954921007156372]"
Malignant_30,img+gasf,4,1,1,"[2.531225163693307e-06, 0.9999974966049194]"
Malignant_33,img+gasf,4,1,1,"[0.0012011188082396984, 0.9987988471984863]"
Malignant_42,img+gasf,4,1,1,"[0.02117667719721794, 0.9788233637809753]"
Malignant_44,img+gasf,4,1,1,"[0.11482031643390656, 0.8851796984672546]"
Malignant_49,img+gasf,4,1,1,"[0.008443263359367847, 0.9915567636489868]"
Malignant_52,img+gasf,4,1,1,"[0.04143933951854706, 0.9585607051849365]"
Malignant_61,img+gasf,4,1,1,"[0.024356074631214142, 0.9756439328193665]"
Malignant_63,img+gasf,4,1,1,"[0.0017249006778001785, 0.9982750415802002]"
Malignant_71,img+gasf,4,1,1,"[0.0002140340075129643, 0.9997859597206116]"
Malignant_75,img+gasf,4,1,1,"[1.4511903827951755e-05, 0.9999854564666748]"
Malignant_79,img+gasf,4,1,1,"[1.0283216397510841e-05, 0.9999897480010986]"
Malignant_80,img+gasf,4,1,1,"[0.005021912045776844, 0.994978129863739]"
Malignant_85,img+gasf,4,1,1,"[0.012636187486350536, 0.9873637557029724]"
Benign_2,img+gasf,5,0,0,"[0.9598693251609802, 0.040130723267793655]"
Benign_6,img+gasf,5,0,0,"[0.9583106637001038, 0.041689299046993256]"
Benign_11,img+gasf,5,0,0,"[0.9972819089889526, 0.0027181142941117287]"
Benign_21,img+gasf,5,0,0,"[0.8538106679916382, 0.14618933200836182]"
Benign_25,img+gasf,5,0,0,"[0.5181272029876709, 0.4818728268146515]"
Benign_45,img+gasf,5,0,0,"[0.9708389639854431, 0.02916097827255726]"
Benign_48,img+gasf,5,0,0,"[0.8630008101463318, 0.13699916005134583]"
Benign_55,img+gasf,5,0,0,"[0.9586110711097717, 0.04138897731900215]"
Benign_56,img+gasf,5,0,0,"[0.7682880163192749, 0.23171202838420868]"
Benign_59,img+gasf,5,0,0,"[0.9842209815979004, 0.015778960660099983]"
Benign_60,img+gasf,5,0,0,"[0.9773427248001099, 0.022657247260212898]"
Benign_64,img+gasf,5,0,0,"[0.9681829214096069, 0.031817082315683365]"
Benign_71,img+gasf,5,0,0,"[0.9968993663787842, 0.0031005884520709515]"
Benign_72,img+gasf,5,0,0,"[0.9897768497467041, 0.010223133489489555]"
Malignant_3,img+gasf,5,1,1,"[0.018992166966199875, 0.9810078740119934]"
Malignant_7,img+gasf,5,1,1,"[0.00021875958191230893, 0.9997813105583191]"
Malignant_16,img+gasf,5,1,1,"[0.29329878091812134, 0.7067011594772339]"
Malignant_18,img+gasf,5,1,1,"[0.20243963599205017, 0.7975603342056274]"
Malignant_24,img+gasf,5,1,1,"[0.12013852596282959, 0.8798614740371704]"
Malignant_25,img+gasf,5,1,1,"[0.06288731843233109, 0.9371126294136047]"
Malignant_29,img+gasf,5,1,1,"[0.373538613319397, 0.6264613270759583]"
Malignant_38,img+gasf,5,1,1,"[0.025469811633229256, 0.9745302200317383]"
Malignant_39,img+gasf,5,1,1,"[0.1965862363576889, 0.8034138083457947]"
Malignant_40,img+gasf,5,1,1,"[0.02302735112607479, 0.9769726991653442]"
Malignant_43,img+gasf,5,1,1,"[0.009452932514250278, 0.9905470013618469]"
Malignant_51,img+gasf,5,1,1,"[0.1680159866809845, 0.8319840431213379]"
Malignant_57,img+gasf,5,1,1,"[0.492274671792984, 0.5077252984046936]"
Malignant_59,img+gasf,5,1,1,"[0.2052491456270218, 0.7947508692741394]"
Malignant_68,img+gasf,5,1,1,"[1.7148195183835924e-05, 0.9999828338623047]"
Malignant_73,img+gasf,5,1,1,"[0.20579712092876434, 0.7942029237747192]"
Malignant_89,img+gasf,5,1,1,"[0.21621553599834442, 0.7837844491004944]"
Malignant_90,img+gasf,5,1,1,"[0.2731695771217346, 0.7268303632736206]"
Malignant_91,img+gasf,5,1,1,"[0.02438107691705227, 0.9756189584732056]"
Benign_1,img+gadf,1,0,0,"[0.9995573163032532, 0.0004427144885994494]"
Benign_4,img+gadf,1,0,0,"[0.9999991655349731, 8.714770842743746e-07]"
Benign_7,img+gadf,1,0,0,"[0.990382969379425, 0.009617093950510025]"
Benign_9,img+gadf,1,0,0,"[0.9992145299911499, 0.0007854124996811152]"
Benign_13,img+gadf,1,0,0,"[0.8082769513130188, 0.1917230486869812]"
Benign_15,img+gadf,1,0,0,"[0.9722518920898438, 0.027748120948672295]"
Benign_26,img+gadf,1,0,0,"[0.910690188407898, 0.08930975198745728]"
Benign_36,img+gadf,1,0,0,"[0.998896598815918, 0.0011033402988687158]"
Benign_38,img+gadf,1,0,0,"[0.5537242889404297, 0.4462757110595703]"
Benign_41,img+gadf,1,0,0,"[0.9858142733573914, 0.014185735955834389]"
Benign_43,img+gadf,1,0,1,"[0.3825799524784088, 0.6174200773239136]"
Benign_57,img+gadf,1,0,0,"[0.9317981600761414, 0.06820186227560043]"
Benign_65,img+gadf,1,0,0,"[0.9997788071632385, 0.00022122943482827395]"
Benign_68,img+gadf,1,0,0,"[0.9676623940467834, 0.03233762085437775]"
Benign_73,img+gadf,1,0,0,"[0.9221223592758179, 0.07787767797708511]"
Malignant_6,img+gadf,1,1,1,"[0.0019704443402588367, 0.9980295300483704]"
Malignant_8,img+gadf,1,1,1,"[0.025904657319188118, 0.974095344543457]"
Malignant_15,img+gadf,1,1,1,"[0.0015260952059179544, 0.9984739422798157]"
Malignant_17,img+gadf,1,1,1,"[0.00029605365125462413, 0.9997039437294006]"
Malignant_19,img+gadf,1,1,1,"[0.05192881077528, 0.9480711817741394]"
Malignant_20,img+gadf,1,1,1,"[0.07520634680986404, 0.9247936606407166]"
Malignant_32,img+gadf,1,1,1,"[0.01232499722391367, 0.9876749515533447]"
Malignant_35,img+gadf,1,1,1,"[0.06893111020326614, 0.9310689568519592]"
Malignant_46,img+gadf,1,1,1,"[0.08404499292373657, 0.9159550070762634]"
Malignant_47,img+gadf,1,1,1,"[0.1014496237039566, 0.8985504508018494]"
Malignant_65,img+gadf,1,1,1,"[4.669999543693848e-05, 0.9999532699584961]"
Malignant_66,img+gadf,1,1,1,"[0.006750148255378008, 0.9932498931884766]"
Malignant_69,img+gadf,1,1,1,"[0.02891983836889267, 0.9710801839828491]"
Malignant_74,img+gadf,1,1,1,"[0.0011837464990094304, 0.9988162517547607]"
Malignant_76,img+gadf,1,1,1,"[3.61871461791452e-05, 0.9999637603759766]"
Malignant_77,img+gadf,1,1,1,"[0.0005116969114169478, 0.9994882345199585]"
Malignant_78,img+gadf,1,1,1,"[0.020674237981438637, 0.9793257713317871]"
Malignant_82,img+gadf,1,1,1,"[0.0003929648664779961, 0.9996070265769958]"
Benign_3,img+gadf,2,0,0,"[0.9998496770858765, 0.00015025446191430092]"
Benign_5,img+gadf,2,0,0,"[0.999902606010437, 9.73978967522271e-05]"
Benign_16,img+gadf,2,0,0,"[0.9998455047607422, 0.00015447204350493848]"
Benign_22,img+gadf,2,0,0,"[0.8346976637840271, 0.1653023362159729]"
Benign_32,img+gadf,2,0,0,"[0.8631336092948914, 0.13686642050743103]"
Benign_34,img+gadf,2,0,0,"[0.8798911571502686, 0.12010879814624786]"
Benign_39,img+gadf,2,0,0,"[0.9886412024497986, 0.011358740739524364]"
Benign_49,img+gadf,2,0,0,"[0.9947775602340698, 0.005222473759204149]"
Benign_50,img+gadf,2,0,1,"[0.4950900077819824, 0.5049100518226624]"
Benign_52,img+gadf,2,0,0,"[0.9949964284896851, 0.005003616213798523]"
Benign_54,img+gadf,2,0,0,"[0.9057283997535706, 0.09427165240049362]"
Benign_62,img+gadf,2,0,0,"[0.999933123588562, 6.683451647404581e-05]"
Benign_67,img+gadf,2,0,1,"[0.3357633650302887, 0.6642366647720337]"
Benign_69,img+gadf,2,0,0,"[0.9839587807655334, 0.01604124717414379]"
Benign_70,img+gadf,2,0,0,"[0.9999784231185913, 2.158033021260053e-05]"
Malignant_1,img+gadf,2,1,1,"[0.004654129035770893, 0.9953458905220032]"
Malignant_4,img+gadf,2,1,1,"[0.01549557875841856, 0.9845044612884521]"
Malignant_10,img+gadf,2,1,1,"[0.009754491969943047, 0.9902454614639282]"
Malignant_11,img+gadf,2,1,1,"[0.08858424425125122, 0.9114157557487488]"
Malignant_14,img+gadf,2,1,1,"[0.0013525629183277488, 0.9986475110054016]"
Malignant_21,img+gadf,2,1,1,"[0.0013199395034462214, 0.998680055141449]"
Malignant_31,img+gadf,2,1,1,"[0.0006890245713293552, 0.9993109703063965]"
Malignant_34,img+gadf,2,1,1,"[0.0024314008187502623, 0.9975685477256775]"
Malignant_53,img+gadf,2,1,1,"[2.605467125249561e-05, 0.9999738931655884]"
Malignant_54,img+gadf,2,1,1,"[0.004898502491414547, 0.9951015114784241]"
Malignant_60,img+gadf,2,1,1,"[0.0018158790189772844, 0.9981841444969177]"
Malignant_64,img+gadf,2,1,1,"[0.00011717314919224009, 0.9998828172683716]"
Malignant_67,img+gadf,2,1,1,"[0.002905561588704586, 0.9970943927764893]"
Malignant_70,img+gadf,2,1,1,"[0.0004942589439451694, 0.9995057582855225]"
Malignant_72,img+gadf,2,1,1,"[0.0003684215189423412, 0.9996315240859985]"
Malignant_83,img+gadf,2,1,1,"[0.0015356168150901794, 0.9984643459320068]"
Malignant_86,img+gadf,2,1,1,"[6.553427374456078e-05, 0.9999344348907471]"
Malignant_87,img+gadf,2,1,1,"[0.0011529475450515747, 0.9988470077514648]"
Benign_8,img+gadf,3,0,0,"[0.9977843165397644, 0.002215663203969598]"
Benign_12,img+gadf,3,0,0,"[0.997930645942688, 0.0020694113336503506]"
Benign_19,img+gadf,3,0,0,"[0.9813235402107239, 0.018676448613405228]"
Benign_20,img+gadf,3,0,0,"[0.8943675756454468, 0.10563243925571442]"
Benign_23,img+gadf,3,0,1,"[0.39737457036972046, 0.6026253700256348]"
Benign_24,img+gadf,3,0,0,"[0.9806411266326904, 0.01935887709259987]"
Benign_28,img+gadf,3,0,0,"[0.8777597546577454, 0.12224016338586807]"
Benign_29,img+gadf,3,0,0,"[0.7234009504318237, 0.27659910917282104]"
Benign_35,img+gadf,3,0,0,"[0.9677029848098755, 0.03229702636599541]"
Benign_40,img+gadf,3,0,0,"[0.9513104557991028, 0.048689521849155426]"
Benign_44,img+gadf,3,0,0,"[0.9804069399833679, 0.01959298737347126]"
Benign_51,img+gadf,3,0,0,"[0.9908808469772339, 0.009119128808379173]"
Benign_58,img+gadf,3,0,0,"[0.9991303086280823, 0.00086970254778862]"
Benign_61,img+gadf,3,0,0,"[0.9903139472007751, 0.009686029516160488]"
Benign_63,img+gadf,3,0,0,"[0.9969555139541626, 0.0030445174779742956]"
Malignant_2,img+gadf,3,1,1,"[0.06872967630624771, 0.9312703013420105]"
Malignant_9,img+gadf,3,1,1,"[0.0053504169918596745, 0.9946495890617371]"
Malignant_13,img+gadf,3,1,1,"[0.006972344126552343, 0.9930276274681091]"
Malignant_26,img+gadf,3,1,1,"[0.016184965148568153, 0.9838150143623352]"
Malignant_27,img+gadf,3,1,1,"[0.48781847953796387, 0.5121815800666809]"
Malignant_36,img+gadf,3,1,1,"[0.00037113664438948035, 0.9996289014816284]"
Malignant_37,img+gadf,3,1,1,"[0.02147585339844227, 0.9785242080688477]"
Malignant_41,img+gadf,3,1,1,"[0.06404153257608414, 0.9359584450721741]"
Malignant_45,img+gadf,3,1,1,"[0.03206703066825867, 0.967932939529419]"
Malignant_48,img+gadf,3,1,1,"[0.00932523887604475, 0.9906747937202454]"
Malignant_50,img+gadf,3,1,1,"[0.03918939083814621, 0.960810661315918]"
Malignant_55,img+gadf,3,1,1,"[0.0037403462920337915, 0.9962596893310547]"
Malignant_56,img+gadf,3,1,1,"[0.0001821523328544572, 0.9998179078102112]"
Malignant_58,img+gadf,3,1,1,"[0.22425436973571777, 0.7757455706596375]"
Malignant_62,img+gadf,3,1,1,"[0.0012582456693053246, 0.9987418055534363]"
Malignant_81,img+gadf,3,1,1,"[0.026472508907318115, 0.9735274910926819]"
Malignant_84,img+gadf,3,1,1,"[0.0010999616933986545, 0.9989000558853149]"
Malignant_88,img+gadf,3,1,1,"[0.0027859515976160765, 0.9972140192985535]"
Benign_10,img+gadf,4,0,0,"[0.9350165724754333, 0.06498339772224426]"
Benign_14,img+gadf,4,0,0,"[0.8965794444084167, 0.10342058539390564]"
Benign_17,img+gadf,4,0,0,"[0.9472256898880005, 0.0527743324637413]"
Benign_18,img+gadf,4,0,0,"[0.7394905686378479, 0.2605094313621521]"
Benign_27,img+gadf,4,0,0,"[0.564832329750061, 0.43516767024993896]"
Benign_30,img+gadf,4,0,0,"[0.6141648292541504, 0.3858351409435272]"
Benign_31,img+gadf,4,0,1,"[0.3549860715866089, 0.6450139880180359]"
Benign_33,img+gadf,4,0,0,"[0.7225867509841919, 0.2774132788181305]"
Benign_37,img+gadf,4,0,0,"[0.6731653809547424, 0.32683464884757996]"
Benign_42,img+gadf,4,0,0,"[0.9968536496162415, 0.0031463755294680595]"
Benign_46,img+gadf,4,0,0,"[0.9993378520011902, 0.0006620758213102818]"
Benign_47,img+gadf,4,0,0,"[0.7720118761062622, 0.2279880940914154]"
Benign_53,img+gadf,4,0,0,"[0.9932531714439392, 0.006746829953044653]"
Benign_66,img+gadf,4,0,0,"[0.9903353452682495, 0.00966460071504116]"
Benign_74,img+gadf,4,0,0,"[0.9955794215202332, 0.0044205873273313046]"
Malignant_5,img+gadf,4,1,1,"[0.0006758319213986397, 0.9993242025375366]"
Malignant_12,img+gadf,4,1,1,"[0.00014947165618650615, 0.9998505115509033]"
Malignant_22,img+gadf,4,1,1,"[0.1175142154097557, 0.8824858069419861]"
Malignant_23,img+gadf,4,1,1,"[3.667304016019557e-09, 1.0]"
Malignant_28,img+gadf,4,1,1,"[1.3284514466249675e-07, 0.9999998807907104]"
Malignant_30,img+gadf,4,1,1,"[1.479225741896073e-09, 1.0]"
Malignant_33,img+gadf,4,1,1,"[0.0004598153755068779, 0.9995402097702026]"
Malignant_42,img+gadf,4,1,1,"[4.4495664042187855e-06, 0.9999955892562866]"
Malignant_44,img+gadf,4,1,1,"[0.00010749029752332717, 0.9998924732208252]"
Malignant_49,img+gadf,4,1,1,"[3.078284294133482e-07, 0.9999996423721313]"
Malignant_52,img+gadf,4,1,1,"[1.0147370232971298e-07, 0.9999998807907104]"
Malignant_61,img+gadf,4,1,1,"[3.771945102926111e-07, 0.9999996423721313]"
Malignant_63,img+gadf,4,1,1,"[0.00012827920727431774, 0.9998717308044434]"
Malignant_71,img+gadf,4,1,1,"[0.0007715226383879781, 0.9992284774780273]"
Malignant_75,img+gadf,4,1,1,"[0.0017194893443956971, 0.9982805252075195]"
Malignant_79,img+gadf,4,1,1,"[1.4872921383357607e-05, 0.9999850988388062]"
Malignant_80,img+gadf,4,1,1,"[2.5285712581535336e-06, 0.9999974966049194]"
Malignant_85,img+gadf,4,1,1,"[0.00848712120205164, 0.9915128350257874]"
Benign_2,img+gadf,5,0,0,"[0.9999973773956299, 2.5781082513276488e-06]"
Benign_6,img+gadf,5,0,0,"[0.999197781085968, 0.0008022468537092209]"
Benign_11,img+gadf,5,0,0,"[0.9997351765632629, 0.00026479369262233377]"
Benign_21,img+gadf,5,0,0,"[0.9699819684028625, 0.03001800738275051]"
Benign_25,img+gadf,5,0,0,"[0.5455103516578674, 0.45448964834213257]"
Benign_45,img+gadf,5,0,0,"[0.9348093271255493, 0.06519069522619247]"
Benign_48,img+gadf,5,0,0,"[0.9609188437461853, 0.039081230759620667]"
Benign_55,img+gadf,5,0,0,"[0.9999854564666748, 1.4503145393973682e-05]"
Benign_56,img+gadf,5,0,0,"[0.8783336281776428, 0.12166638672351837]"
Benign_59,img+gadf,5,0,0,"[0.9997732043266296, 0.00022685923613607883]"
Benign_60,img+gadf,5,0,0,"[0.9814538955688477, 0.01854606904089451]"
Benign_64,img+gadf,5,0,0,"[0.999091386795044, 0.0009086438221856952]"
Benign_71,img+gadf,5,0,0,"[0.9999953508377075, 4.675822310673539e-06]"
Benign_72,img+gadf,5,0,0,"[0.9998899698257446, 0.00011005817941622809]"
Malignant_3,img+gadf,5,1,1,"[0.00014886559802107513, 0.9998511075973511]"
Malignant_7,img+gadf,5,1,1,"[0.0041132960468530655, 0.9958867430686951]"
Malignant_16,img+gadf,5,1,0,"[0.5152747631072998, 0.4847252070903778]"
Malignant_18,img+gadf,5,1,1,"[0.00787654984742403, 0.9921234250068665]"
Malignant_24,img+gadf,5,1,1,"[0.030130475759506226, 0.9698694944381714]"
Malignant_25,img+gadf,5,1,1,"[0.00917145051062107, 0.9908285140991211]"
Malignant_29,img+gadf,5,1,1,"[0.07233446836471558, 0.9276655912399292]"
Malignant_38,img+gadf,5,1,1,"[0.011933178640902042, 0.9880667924880981]"
Malignant_39,img+gadf,5,1,1,"[0.42128363251686096, 0.5787163972854614]"
Malignant_40,img+gadf,5,1,1,"[0.011745098978281021, 0.9882549047470093]"
Malignant_43,img+gadf,5,1,1,"[0.03692242503166199, 0.9630776047706604]"
Malignant_51,img+gadf,5,1,1,"[0.035729821771383286, 0.9642702341079712]"
Malignant_57,img+gadf,5,1,1,"[0.39002886414527893, 0.6099711656570435]"
Malignant_59,img+gadf,5,1,1,"[0.08936859667301178, 0.9106314182281494]"
Malignant_68,img+gadf,5,1,1,"[0.0032591454219073057, 0.9967408776283264]"
Malignant_73,img+gadf,5,1,1,"[0.04242568463087082, 0.9575743675231934]"
Malignant_89,img+gadf,5,1,1,"[0.05055633559823036, 0.9494436383247375]"
Malignant_90,img+gadf,5,1,1,"[0.009647902101278305, 0.9903520941734314]"
Malignant_91,img+gadf,5,1,1,"[0.0024195320438593626, 0.9975804090499878]"
Benign_1,img+recplot+mtf,1,0,0,"[0.9070155620574951, 0.09298444539308548]"
Benign_4,img+recplot+mtf,1,0,0,"[0.9986704587936401, 0.0013295935932546854]"
Benign_7,img+recplot+mtf,1,0,0,"[0.9229097366333008, 0.07709026336669922]"
Benign_9,img+recplot+mtf,1,0,0,"[0.9846158623695374, 0.015384160913527012]"
Benign_13,img+recplot+mtf,1,0,0,"[0.7633651494979858, 0.23663486540317535]"
Benign_15,img+recplot+mtf,1,0,1,"[0.15313340723514557, 0.8468665480613708]"
Benign_26,img+recplot+mtf,1,0,0,"[0.6243981719017029, 0.3756019175052643]"
Benign_36,img+recplot+mtf,1,0,1,"[0.3230195641517639, 0.6769804358482361]"
Benign_38,img+recplot+mtf,1,0,1,"[0.10712100565433502, 0.8928790092468262]"
Benign_41,img+recplot+mtf,1,0,0,"[0.8495418429374695, 0.1504581719636917]"
Benign_43,img+recplot+mtf,1,0,1,"[0.17529088258743286, 0.8247091174125671]"
Benign_57,img+recplot+mtf,1,0,0,"[0.9388137459754944, 0.061186183243989944]"
Benign_65,img+recplot+mtf,1,0,0,"[0.9921900629997253, 0.007809903938323259]"
Benign_68,img+recplot+mtf,1,0,0,"[0.8784511685371399, 0.1215488463640213]"
Benign_73,img+recplot+mtf,1,0,1,"[0.4190637469291687, 0.5809362530708313]"
Malignant_6,img+recplot+mtf,1,1,1,"[0.04905274510383606, 0.9509472250938416]"
Malignant_8,img+recplot+mtf,1,1,1,"[0.001374581828713417, 0.9986253976821899]"
Malignant_15,img+recplot+mtf,1,1,1,"[0.030830582603812218, 0.9691693782806396]"
Malignant_17,img+recplot+mtf,1,1,1,"[0.08028581738471985, 0.9197141528129578]"
Malignant_19,img+recplot+mtf,1,1,1,"[0.02757168933749199, 0.9724283218383789]"
Malignant_20,img+recplot+mtf,1,1,1,"[0.34180939197540283, 0.6581906080245972]"
Malignant_32,img+recplot+mtf,1,1,1,"[0.057044897228479385, 0.9429551362991333]"
Malignant_35,img+recplot+mtf,1,1,1,"[0.06479852646589279, 0.9352015256881714]"
Malignant_46,img+recplot+mtf,1,1,1,"[0.0050022415816783905, 0.9949977397918701]"
Malignant_47,img+recplot+mtf,1,1,1,"[0.04024196416139603, 0.9597580432891846]"
Malignant_65,img+recplot+mtf,1,1,1,"[0.010072708129882812, 0.9899272918701172]"
Malignant_66,img+recplot+mtf,1,1,1,"[0.1615276038646698, 0.8384724259376526]"
Malignant_69,img+recplot+mtf,1,1,1,"[0.07668420672416687, 0.9233157634735107]"
Malignant_74,img+recplot+mtf,1,1,1,"[7.240440936584491e-06, 0.9999927282333374]"
Malignant_76,img+recplot+mtf,1,1,1,"[0.008025034330785275, 0.9919750094413757]"
Malignant_77,img+recplot+mtf,1,1,1,"[0.03256247192621231, 0.9674375057220459]"
Malignant_78,img+recplot+mtf,1,1,1,"[0.001048135687597096, 0.99895179271698]"
Malignant_82,img+recplot+mtf,1,1,1,"[0.022420372813940048, 0.977579653263092]"
Benign_3,img+recplot+mtf,2,0,0,"[0.9965000152587891, 0.0034999374765902758]"
Benign_5,img+recplot+mtf,2,0,0,"[0.8107428550720215, 0.18925714492797852]"
Benign_16,img+recplot+mtf,2,0,0,"[0.9999794960021973, 2.0445258996915072e-05]"
Benign_22,img+recplot+mtf,2,0,0,"[0.9999186992645264, 8.12924190540798e-05]"
Benign_32,img+recplot+mtf,2,0,0,"[0.9765398502349854, 0.02346012182533741]"
Benign_34,img+recplot+mtf,2,0,0,"[0.8983285427093506, 0.10167142003774643]"
Benign_39,img+recplot+mtf,2,0,0,"[0.9103770852088928, 0.0896228775382042]"
Benign_49,img+recplot+mtf,2,0,0,"[0.9914040565490723, 0.008595967665314674]"
Benign_50,img+recplot+mtf,2,0,0,"[0.9617258906364441, 0.03827407956123352]"
Benign_52,img+recplot+mtf,2,0,0,"[0.8412184119224548, 0.15878160297870636]"
Benign_54,img+recplot+mtf,2,0,0,"[0.9942784309387207, 0.005721581634134054]"
Benign_62,img+recplot+mtf,2,0,0,"[0.9995962977409363, 0.00040368546615354717]"
Benign_67,img+recplot+mtf,2,0,0,"[0.9257455468177795, 0.07425444573163986]"
Benign_69,img+recplot+mtf,2,0,0,"[0.9912051558494568, 0.008794845081865788]"
Benign_70,img+recplot+mtf,2,0,0,"[0.9999970197677612, 2.9710076887567993e-06]"
Malignant_1,img+recplot+mtf,2,1,1,"[0.37123116850852966, 0.628768801689148]"
Malignant_4,img+recplot+mtf,2,1,1,"[0.17258602380752563, 0.8274140357971191]"
Malignant_10,img+recplot+mtf,2,1,1,"[0.11433150619268417, 0.8856684565544128]"
Malignant_11,img+recplot+mtf,2,1,1,"[0.08715500682592392, 0.9128449559211731]"
Malignant_14,img+recplot+mtf,2,1,1,"[0.12165077775716782, 0.8783493041992188]"
Malignant_21,img+recplot+mtf,2,1,1,"[0.028079258278012276, 0.9719207286834717]"
Malignant_31,img+recplot+mtf,2,1,1,"[0.10947064310312271, 0.8905293941497803]"
Malignant_34,img+recplot+mtf,2,1,1,"[0.16165241599082947, 0.8383475542068481]"
Malignant_53,img+recplot+mtf,2,1,1,"[0.026928404346108437, 0.9730715751647949]"
Malignant_54,img+recplot+mtf,2,1,1,"[0.005216872785240412, 0.9947831034660339]"
Malignant_60,img+recplot+mtf,2,1,1,"[0.138447567820549, 0.8615524768829346]"
Malignant_64,img+recplot+mtf,2,1,1,"[0.008290641941130161, 0.9917094111442566]"
Malignant_67,img+recplot+mtf,2,1,1,"[0.33266621828079224, 0.667333722114563]"
Malignant_70,img+recplot+mtf,2,1,1,"[0.20638057589530945, 0.7936193943023682]"
Malignant_72,img+recplot+mtf,2,1,1,"[0.01326256338506937, 0.9867374300956726]"
Malignant_83,img+recplot+mtf,2,1,1,"[0.0214152280241251, 0.9785848259925842]"
Malignant_86,img+recplot+mtf,2,1,1,"[0.008916969411075115, 0.991083025932312]"
Malignant_87,img+recplot+mtf,2,1,1,"[0.05019494518637657, 0.9498050808906555]"
Benign_8,img+recplot+mtf,3,0,0,"[0.9586026072502136, 0.04139731824398041]"
Benign_12,img+recplot+mtf,3,0,0,"[0.9973549842834473, 0.0026450217701494694]"
Benign_19,img+recplot+mtf,3,0,0,"[0.9852356910705566, 0.014764279127120972]"
Benign_20,img+recplot+mtf,3,0,0,"[0.8873277306556702, 0.11267226189374924]"
Benign_23,img+recplot+mtf,3,0,1,"[0.20223239064216614, 0.7977676391601562]"
Benign_24,img+recplot+mtf,3,0,0,"[0.904449462890625, 0.095550537109375]"
Benign_28,img+recplot+mtf,3,0,1,"[0.37243324518203735, 0.6275667548179626]"
Benign_29,img+recplot+mtf,3,0,0,"[0.5426645278930664, 0.45733553171157837]"
Benign_35,img+recplot+mtf,3,0,0,"[0.9564866423606873, 0.04351336136460304]"
Benign_40,img+recplot+mtf,3,0,0,"[0.9898988604545593, 0.010101089254021645]"
Benign_44,img+recplot+mtf,3,0,0,"[0.993919849395752, 0.006080118007957935]"
Benign_51,img+recplot+mtf,3,0,0,"[0.9869638085365295, 0.013036211021244526]"
Benign_58,img+recplot+mtf,3,0,0,"[0.9993932247161865, 0.0006067759240977466]"
Benign_61,img+recplot+mtf,3,0,0,"[0.9994251728057861, 0.0005748160183429718]"
Benign_63,img+recplot+mtf,3,0,0,"[0.9894651174545288, 0.0105348601937294]"
Malignant_2,img+recplot+mtf,3,1,1,"[0.06587318331003189, 0.9341267943382263]"
Malignant_9,img+recplot+mtf,3,1,1,"[0.2485237717628479, 0.7514762878417969]"
Malignant_13,img+recplot+mtf,3,1,1,"[0.12882483005523682, 0.871175229549408]"
Malignant_26,img+recplot+mtf,3,1,1,"[0.024133823812007904, 0.9758661389350891]"
Malignant_27,img+recplot+mtf,3,1,1,"[0.3629585802555084, 0.637041449546814]"
Malignant_36,img+recplot+mtf,3,1,1,"[1.1343631740601268e-05, 0.9999886751174927]"
Malignant_37,img+recplot+mtf,3,1,1,"[0.0008175541297532618, 0.999182403087616]"
Malignant_41,img+recplot+mtf,3,1,1,"[0.00023973851057235152, 0.9997602105140686]"
Malignant_45,img+recplot+mtf,3,1,1,"[0.008346514776349068, 0.9916535019874573]"
Malignant_48,img+recplot+mtf,3,1,1,"[1.5229334167088382e-05, 0.9999847412109375]"
Malignant_50,img+recplot+mtf,3,1,1,"[0.21704797446727753, 0.782952070236206]"
Malignant_55,img+recplot+mtf,3,1,1,"[0.05440549924969673, 0.9455944895744324]"
Malignant_56,img+recplot+mtf,3,1,1,"[0.0007240877603180707, 0.9992759823799133]"
Malignant_58,img+recplot+mtf,3,1,1,"[0.03418239578604698, 0.9658176302909851]"
Malignant_62,img+recplot+mtf,3,1,1,"[0.12071489542722702, 0.8792851567268372]"
Malignant_81,img+recplot+mtf,3,1,1,"[0.0023039369843900204, 0.9976961016654968]"
Malignant_84,img+recplot+mtf,3,1,1,"[0.00015564494242426008, 0.9998443126678467]"
Malignant_88,img+recplot+mtf,3,1,1,"[1.1237466424063314e-06, 0.999998927116394]"
Benign_10,img+recplot+mtf,4,0,0,"[0.9860131144523621, 0.013986919075250626]"
Benign_14,img+recplot+mtf,4,0,0,"[0.8807802796363831, 0.11921974271535873]"
Benign_17,img+recplot+mtf,4,0,0,"[0.9909659624099731, 0.009034023620188236]"
Benign_18,img+recplot+mtf,4,0,0,"[0.9741698503494263, 0.025830117985606194]"
Benign_27,img+recplot+mtf,4,0,0,"[0.8850423097610474, 0.11495768278837204]"
Benign_30,img+recplot+mtf,4,0,0,"[0.9307753443717957, 0.06922471523284912]"
Benign_31,img+recplot+mtf,4,0,0,"[0.6192681789398193, 0.38073182106018066]"
Benign_33,img+recplot+mtf,4,0,0,"[0.7932719588279724, 0.20672807097434998]"
Benign_37,img+recplot+mtf,4,0,0,"[0.7527197003364563, 0.2472803145647049]"
Benign_42,img+recplot+mtf,4,0,0,"[0.9561271071434021, 0.04387286305427551]"
Benign_46,img+recplot+mtf,4,0,0,"[0.9997641444206238, 0.00023580124252475798]"
Benign_47,img+recplot+mtf,4,0,0,"[0.5332841873168945, 0.4667157828807831]"
Benign_53,img+recplot+mtf,4,0,0,"[0.9907562136650085, 0.00924374908208847]"
Benign_66,img+recplot+mtf,4,0,0,"[0.9926660656929016, 0.00733388215303421]"
Benign_74,img+recplot+mtf,4,0,0,"[0.982668399810791, 0.017331618815660477]"
Malignant_5,img+recplot+mtf,4,1,1,"[0.013332773000001907, 0.9866672158241272]"
Malignant_12,img+recplot+mtf,4,1,1,"[0.01471029594540596, 0.9852897524833679]"
Malignant_22,img+recplot+mtf,4,1,0,"[0.5531235337257385, 0.4468764662742615]"
Malignant_23,img+recplot+mtf,4,1,1,"[0.0010481416247785091, 0.99895179271698]"
Malignant_28,img+recplot+mtf,4,1,1,"[0.004479777067899704, 0.9955202341079712]"
Malignant_30,img+recplot+mtf,4,1,1,"[0.003002246841788292, 0.9969977140426636]"
Malignant_33,img+recplot+mtf,4,1,1,"[0.0014427622081711888, 0.9985572695732117]"
Malignant_42,img+recplot+mtf,4,1,1,"[0.014759453013539314, 0.9852405786514282]"
Malignant_44,img+recplot+mtf,4,1,1,"[0.028357451781630516, 0.9716425538063049]"
Malignant_49,img+recplot+mtf,4,1,1,"[0.0003596526221372187, 0.9996403455734253]"
Malignant_52,img+recplot+mtf,4,1,1,"[0.017182618379592896, 0.9828174114227295]"
Malignant_61,img+recplot+mtf,4,1,1,"[0.011730817146599293, 0.9882692098617554]"
Malignant_63,img+recplot+mtf,4,1,1,"[5.835477713844739e-05, 0.9999415874481201]"
Malignant_71,img+recplot+mtf,4,1,1,"[0.04261935129761696, 0.9573807120323181]"
Malignant_75,img+recplot+mtf,4,1,1,"[0.006344384513795376, 0.9936556816101074]"
Malignant_79,img+recplot+mtf,4,1,1,"[0.002255922183394432, 0.997744083404541]"
Malignant_80,img+recplot+mtf,4,1,1,"[0.01581062749028206, 0.9841893315315247]"
Malignant_85,img+recplot+mtf,4,1,1,"[0.036541897803545, 0.9634580612182617]"
Benign_2,img+recplot+mtf,5,0,0,"[0.9994333386421204, 0.0005665993667207658]"
Benign_6,img+recplot+mtf,5,0,0,"[0.9960542917251587, 0.003945740405470133]"
Benign_11,img+recplot+mtf,5,0,0,"[0.9797945618629456, 0.020205454900860786]"
Benign_21,img+recplot+mtf,5,0,0,"[0.9735418558120728, 0.0264581348747015]"
Benign_25,img+recplot+mtf,5,0,1,"[0.4949595332145691, 0.5050404071807861]"
Benign_45,img+recplot+mtf,5,0,0,"[0.7676004767417908, 0.23239955306053162]"
Benign_48,img+recplot+mtf,5,0,0,"[0.9734185934066772, 0.026581358164548874]"
Benign_55,img+recplot+mtf,5,0,0,"[0.9571747779846191, 0.042825233191251755]"
Benign_56,img+recplot+mtf,5,0,0,"[0.7383155226707458, 0.26168447732925415]"
Benign_59,img+recplot+mtf,5,0,0,"[0.996250331401825, 0.0037496485747396946]"
Benign_60,img+recplot+mtf,5,0,0,"[0.8895006775856018, 0.1104993224143982]"
Benign_64,img+recplot+mtf,5,0,0,"[0.8755249977111816, 0.12447504699230194]"
Benign_71,img+recplot+mtf,5,0,0,"[0.9986956715583801, 0.001304376288317144]"
Benign_72,img+recplot+mtf,5,0,0,"[0.9998188614845276, 0.0001811975089367479]"
Malignant_3,img+recplot+mtf,5,1,1,"[0.05679831653833389, 0.9432017207145691]"
Malignant_7,img+recplot+mtf,5,1,1,"[0.3376934826374054, 0.662306547164917]"
Malignant_16,img+recplot+mtf,5,1,0,"[0.5116528868675232, 0.4883471429347992]"
Malignant_18,img+recplot+mtf,5,1,1,"[0.09037506580352783, 0.9096248745918274]"
Malignant_24,img+recplot+mtf,5,1,1,"[0.004392759408801794, 0.9956071972846985]"
Malignant_25,img+recplot+mtf,5,1,1,"[0.03133241832256317, 0.9686675667762756]"
Malignant_29,img+recplot+mtf,5,1,1,"[0.04847829416394234, 0.9515217542648315]"
Malignant_38,img+recplot+mtf,5,1,1,"[0.0086777089163661, 0.9913222789764404]"
Malignant_39,img+recplot+mtf,5,1,1,"[0.2984970808029175, 0.7015028595924377]"
Malignant_40,img+recplot+mtf,5,1,1,"[0.06506775319576263, 0.934932291507721]"
Malignant_43,img+recplot+mtf,5,1,1,"[0.018129033967852592, 0.9818710088729858]"
Malignant_51,img+recplot+mtf,5,1,1,"[0.026157652959227562, 0.9738423824310303]"
Malignant_57,img+recplot+mtf,5,1,1,"[0.4057506322860718, 0.5942493677139282]"
Malignant_59,img+recplot+mtf,5,1,1,"[0.06984265893697739, 0.9301573038101196]"
Malignant_68,img+recplot+mtf,5,1,1,"[0.018331486731767654, 0.9816685318946838]"
Malignant_73,img+recplot+mtf,5,1,1,"[0.30409330129623413, 0.6959066987037659]"
Malignant_89,img+recplot+mtf,5,1,1,"[0.051007311791181564, 0.9489927291870117]"
Malignant_90,img+recplot+mtf,5,1,1,"[0.27663150429725647, 0.7233685255050659]"
Malignant_91,img+recplot+mtf,5,1,1,"[0.07659577578306198, 0.9234041571617126]"
Benign_1,img+recplot+gasf,1,0,0,"[0.997211754322052, 0.002788236364722252]"
Benign_4,img+recplot+gasf,1,0,0,"[0.998370349407196, 0.001629694364964962]"
Benign_7,img+recplot+gasf,1,0,0,"[0.9611690044403076, 0.03883103281259537]"
Benign_9,img+recplot+gasf,1,0,0,"[0.9596549868583679, 0.040345072746276855]"
Benign_13,img+recplot+gasf,1,0,0,"[0.9017705917358398, 0.09822944551706314]"
Benign_15,img+recplot+gasf,1,0,1,"[0.28256919980049133, 0.7174307703971863]"
Benign_26,img+recplot+gasf,1,0,0,"[0.958499014377594, 0.041500937193632126]"
Benign_36,img+recplot+gasf,1,0,0,"[0.8199492692947388, 0.18005073070526123]"
Benign_38,img+recplot+gasf,1,0,0,"[0.8992518782615662, 0.10074812173843384]"
Benign_41,img+recplot+gasf,1,0,0,"[0.9334010481834412, 0.06659894436597824]"
Benign_43,img+recplot+gasf,1,0,1,"[0.12254194170236588, 0.8774580955505371]"
Benign_57,img+recplot+gasf,1,0,0,"[0.9852895140647888, 0.014710551127791405]"
Benign_65,img+recplot+gasf,1,0,0,"[0.9996104836463928, 0.00038955057971179485]"
Benign_68,img+recplot+gasf,1,0,0,"[0.9794155359268188, 0.020584478974342346]"
Benign_73,img+recplot+gasf,1,0,0,"[0.9932507872581482, 0.006749246269464493]"
Malignant_6,img+recplot+gasf,1,1,1,"[0.11856512725353241, 0.8814349174499512]"
Malignant_8,img+recplot+gasf,1,1,1,"[0.3825894594192505, 0.6174105405807495]"
Malignant_15,img+recplot+gasf,1,1,1,"[0.008319606073200703, 0.9916804432868958]"
Malignant_17,img+recplot+gasf,1,1,1,"[0.004585457034409046, 0.9954144954681396]"
Malignant_19,img+recplot+gasf,1,1,1,"[0.20299556851387024, 0.7970044612884521]"
Malignant_20,img+recplot+gasf,1,1,1,"[0.14228671789169312, 0.8577133417129517]"
Malignant_32,img+recplot+gasf,1,1,1,"[0.09519242495298386, 0.9048076272010803]"
Malignant_35,img+recplot+gasf,1,1,1,"[0.03802404925227165, 0.9619759321212769]"
Malignant_46,img+recplot+gasf,1,1,1,"[0.24034623801708221, 0.7596537470817566]"
Malignant_47,img+recplot+gasf,1,1,1,"[0.05672083795070648, 0.9432791471481323]"
Malignant_65,img+recplot+gasf,1,1,1,"[0.013890649192035198, 0.9861093163490295]"
Malignant_66,img+recplot+gasf,1,1,1,"[0.3024384081363678, 0.6975616216659546]"
Malignant_69,img+recplot+gasf,1,1,1,"[0.05608770623803139, 0.9439122676849365]"
Malignant_74,img+recplot+gasf,1,1,1,"[0.009716094471514225, 0.9902839064598083]"
Malignant_76,img+recplot+gasf,1,1,1,"[0.0022383311297744513, 0.997761607170105]"
Malignant_77,img+recplot+gasf,1,1,1,"[0.03904414176940918, 0.960955798625946]"
Malignant_78,img+recplot+gasf,1,1,1,"[0.04178813844919205, 0.9582118391990662]"
Malignant_82,img+recplot+gasf,1,1,1,"[0.004689713008701801, 0.9953102469444275]"
Benign_3,img+recplot+gasf,2,0,0,"[0.9969293475151062, 0.003070706967264414]"
Benign_5,img+recplot+gasf,2,0,0,"[0.9618889093399048, 0.03811109438538551]"
Benign_16,img+recplot+gasf,2,0,0,"[0.9998644590377808, 0.00013547814160119742]"
Benign_22,img+recplot+gasf,2,0,0,"[0.9797835350036621, 0.02021644078195095]"
Benign_32,img+recplot+gasf,2,0,0,"[0.9897572994232178, 0.010242736898362637]"
Benign_34,img+recplot+gasf,2,0,1,"[0.25490108132362366, 0.745098888874054]"
Benign_39,img+recplot+gasf,2,0,0,"[0.9899128675460815, 0.010087096132338047]"
Benign_49,img+recplot+gasf,2,0,0,"[0.999936580657959, 6.341766129480675e-05]"
Benign_50,img+recplot+gasf,2,0,1,"[0.48408111929893494, 0.5159189105033875]"
Benign_52,img+recplot+gasf,2,0,0,"[0.9318864345550537, 0.06811350584030151]"
Benign_54,img+recplot+gasf,2,0,0,"[0.76944500207901, 0.23055502772331238]"
Benign_62,img+recplot+gasf,2,0,0,"[0.999984622001648, 1.5350211469922215e-05]"
Benign_67,img+recplot+gasf,2,0,0,"[0.8696224093437195, 0.1303776353597641]"
Benign_69,img+recplot+gasf,2,0,0,"[0.9648991227149963, 0.03510093316435814]"
Benign_70,img+recplot+gasf,2,0,0,"[0.9999902248382568, 9.806125490285922e-06]"
Malignant_1,img+recplot+gasf,2,1,0,"[0.5658715963363647, 0.43412837386131287]"
Malignant_4,img+recplot+gasf,2,1,1,"[0.016705768182873726, 0.9832942485809326]"
Malignant_10,img+recplot+gasf,2,1,1,"[7.143923539842945e-06, 0.999992847442627]"
Malignant_11,img+recplot+gasf,2,1,1,"[0.00011457249638624489, 0.9998854398727417]"
Malignant_14,img+recplot+gasf,2,1,1,"[0.0008618534775450826, 0.9991381168365479]"
Malignant_21,img+recplot+gasf,2,1,1,"[0.006955374963581562, 0.9930445551872253]"
Malignant_31,img+recplot+gasf,2,1,1,"[0.0010952510638162494, 0.9989047050476074]"
Malignant_34,img+recplot+gasf,2,1,1,"[0.002500951988622546, 0.9974990487098694]"
Malignant_53,img+recplot+gasf,2,1,1,"[0.004223792813718319, 0.9957762360572815]"
Malignant_54,img+recplot+gasf,2,1,1,"[0.0033950938377529383, 0.9966049194335938]"
Malignant_60,img+recplot+gasf,2,1,1,"[0.0005598777206614614, 0.9994401335716248]"
Malignant_64,img+recplot+gasf,2,1,1,"[0.01265749242156744, 0.9873424768447876]"
Malignant_67,img+recplot+gasf,2,1,1,"[0.00032237533014267683, 0.9996776580810547]"
Malignant_70,img+recplot+gasf,2,1,1,"[0.036640673875808716, 0.9633592963218689]"
Malignant_72,img+recplot+gasf,2,1,1,"[0.05313635244965553, 0.9468636512756348]"
Malignant_83,img+recplot+gasf,2,1,1,"[0.0002927622990682721, 0.9997071623802185]"
Malignant_86,img+recplot+gasf,2,1,1,"[0.00028886107611469924, 0.9997110962867737]"
Malignant_87,img+recplot+gasf,2,1,1,"[0.020589392632246017, 0.9794106483459473]"
Benign_8,img+recplot+gasf,3,0,0,"[0.9998829364776611, 0.00011709050158970058]"
Benign_12,img+recplot+gasf,3,0,0,"[0.9999821186065674, 1.788244662748184e-05]"
Benign_19,img+recplot+gasf,3,0,0,"[0.9676187038421631, 0.03238128870725632]"
Benign_20,img+recplot+gasf,3,0,0,"[0.7523964643478394, 0.24760350584983826]"
Benign_23,img+recplot+gasf,3,0,0,"[0.929794192314148, 0.07020580023527145]"
Benign_24,img+recplot+gasf,3,0,0,"[0.9973403811454773, 0.002659565070644021]"
Benign_28,img+recplot+gasf,3,0,0,"[0.5604315400123596, 0.4395684599876404]"
Benign_29,img+recplot+gasf,3,0,0,"[0.9745534062385559, 0.025446580722928047]"
Benign_35,img+recplot+gasf,3,0,0,"[0.9999996423721313, 3.4662537018448347e-07]"
Benign_40,img+recplot+gasf,3,0,0,"[0.9965410828590393, 0.0034589169081300497]"
Benign_44,img+recplot+gasf,3,0,0,"[0.9994136095046997, 0.0005863966653123498]"
Benign_51,img+recplot+gasf,3,0,0,"[0.7578253746032715, 0.24217462539672852]"
Benign_58,img+recplot+gasf,3,0,0,"[0.9999986886978149, 1.285838266085193e-06]"
Benign_61,img+recplot+gasf,3,0,0,"[1.0, 4.0447881155536436e-10]"
Benign_63,img+recplot+gasf,3,0,0,"[0.9999659061431885, 3.413404920138419e-05]"
Malignant_2,img+recplot+gasf,3,1,1,"[0.05136065185070038, 0.9486393332481384]"
Malignant_9,img+recplot+gasf,3,1,0,"[0.6989911794662476, 0.30100879073143005]"
Malignant_13,img+recplot+gasf,3,1,1,"[0.005751312244683504, 0.994248628616333]"
Malignant_26,img+recplot+gasf,3,1,1,"[0.061870865523815155, 0.9381291270256042]"
Malignant_27,img+recplot+gasf,3,1,1,"[0.14792713522911072, 0.8520728945732117]"
Malignant_36,img+recplot+gasf,3,1,1,"[0.031338032335042953, 0.9686619639396667]"
Malignant_37,img+recplot+gasf,3,1,1,"[0.05770435556769371, 0.9422956705093384]"
Malignant_41,img+recplot+gasf,3,1,1,"[0.007962003350257874, 0.9920380115509033]"
Malignant_45,img+recplot+gasf,3,1,1,"[0.003130262950435281, 0.9968697428703308]"
Malignant_48,img+recplot+gasf,3,1,1,"[0.03261406347155571, 0.9673859477043152]"
Malignant_50,img+recplot+gasf,3,1,0,"[0.596939742565155, 0.40306028723716736]"
Malignant_55,img+recplot+gasf,3,1,1,"[0.0024065100587904453, 0.9975934624671936]"
Malignant_56,img+recplot+gasf,3,1,1,"[0.00529057253152132, 0.9947093725204468]"
Malignant_58,img+recplot+gasf,3,1,1,"[0.1303204596042633, 0.8696795701980591]"
Malignant_62,img+recplot+gasf,3,1,1,"[0.10648596286773682, 0.8935140371322632]"
Malignant_81,img+recplot+gasf,3,1,1,"[0.014650349505245686, 0.9853496551513672]"
Malignant_84,img+recplot+gasf,3,1,1,"[0.00951085239648819, 0.99048912525177]"
Malignant_88,img+recplot+gasf,3,1,1,"[0.0003748999733943492, 0.9996250867843628]"
Benign_10,img+recplot+gasf,4,0,0,"[0.9768632650375366, 0.02313675545156002]"
Benign_14,img+recplot+gasf,4,0,0,"[0.5841302275657654, 0.41586974263191223]"
Benign_17,img+recplot+gasf,4,0,0,"[0.9997519850730896, 0.00024805503198876977]"
Benign_18,img+recplot+gasf,4,0,0,"[0.9999595880508423, 4.036743121105246e-05]"
Benign_27,img+recplot+gasf,4,0,0,"[0.9998302459716797, 0.00016975209291558713]"
Benign_30,img+recplot+gasf,4,0,0,"[0.8859497308731079, 0.11405029147863388]"
Benign_31,img+recplot+gasf,4,0,0,"[0.9136364459991455, 0.08636349439620972]"
Benign_33,img+recplot+gasf,4,0,0,"[0.9957709908485413, 0.004228939767926931]"
Benign_37,img+recplot+gasf,4,0,0,"[0.9910427331924438, 0.008957277983427048]"
Benign_42,img+recplot+gasf,4,0,0,"[0.9944559931755066, 0.005544004030525684]"
Benign_46,img+recplot+gasf,4,0,0,"[0.9972376823425293, 0.0027623195201158524]"
Benign_47,img+recplot+gasf,4,0,0,"[0.9716909527778625, 0.028309104964137077]"
Benign_53,img+recplot+gasf,4,0,0,"[0.998534083366394, 0.0014659054577350616]"
Benign_66,img+recplot+gasf,4,0,0,"[0.8823440670967102, 0.11765594035387039]"
Benign_74,img+recplot+gasf,4,0,0,"[0.9999715089797974, 2.8482172638177872e-05]"
Malignant_5,img+recplot+gasf,4,1,1,"[0.06443221122026443, 0.9355678558349609]"
Malignant_12,img+recplot+gasf,4,1,1,"[0.12038629502058029, 0.8796137571334839]"
Malignant_22,img+recplot+gasf,4,1,0,"[0.8800516128540039, 0.11994832754135132]"
Malignant_23,img+recplot+gasf,4,1,1,"[5.2985316870035604e-05, 0.9999470710754395]"
Malignant_28,img+recplot+gasf,4,1,1,"[0.000768958474509418, 0.9992311000823975]"
Malignant_30,img+recplot+gasf,4,1,1,"[0.00385160930454731, 0.9961483478546143]"
Malignant_33,img+recplot+gasf,4,1,1,"[0.07532260566949844, 0.9246774315834045]"
Malignant_42,img+recplot+gasf,4,1,1,"[0.12073113024234772, 0.8792688250541687]"
Malignant_44,img+recplot+gasf,4,1,1,"[0.0022506711538881063, 0.9977492690086365]"
Malignant_49,img+recplot+gasf,4,1,1,"[0.0005244468338787556, 0.9994755387306213]"
Malignant_52,img+recplot+gasf,4,1,1,"[0.1384502351284027, 0.8615497350692749]"
Malignant_61,img+recplot+gasf,4,1,1,"[0.06814709305763245, 0.9318529367446899]"
Malignant_63,img+recplot+gasf,4,1,1,"[0.01001238077878952, 0.9899876713752747]"
Malignant_71,img+recplot+gasf,4,1,1,"[0.05160020291805267, 0.9483998417854309]"
Malignant_75,img+recplot+gasf,4,1,1,"[0.002990814857184887, 0.9970092177391052]"
Malignant_79,img+recplot+gasf,4,1,1,"[0.15860077738761902, 0.8413991928100586]"
Malignant_80,img+recplot+gasf,4,1,1,"[0.0021190703846514225, 0.9978808760643005]"
Malignant_85,img+recplot+gasf,4,1,1,"[0.021404245868325233, 0.9785957336425781]"
Benign_2,img+recplot+gasf,5,0,0,"[0.9999798536300659, 2.0099823814234696e-05]"
Benign_6,img+recplot+gasf,5,0,0,"[0.9992037415504456, 0.0007963167154230177]"
Benign_11,img+recplot+gasf,5,0,0,"[0.9936702251434326, 0.006329755764454603]"
Benign_21,img+recplot+gasf,5,0,0,"[0.8306081295013428, 0.16939190030097961]"
Benign_25,img+recplot+gasf,5,0,1,"[0.4175858199596405, 0.5824141502380371]"
Benign_45,img+recplot+gasf,5,0,0,"[0.9645763635635376, 0.03542361408472061]"
Benign_48,img+recplot+gasf,5,0,0,"[0.9776410460472107, 0.022358931601047516]"
Benign_55,img+recplot+gasf,5,0,0,"[0.9970749616622925, 0.0029250443913042545]"
Benign_56,img+recplot+gasf,5,0,0,"[0.687329888343811, 0.31267017126083374]"
Benign_59,img+recplot+gasf,5,0,0,"[0.9477899074554443, 0.052210088819265366]"
Benign_60,img+recplot+gasf,5,0,0,"[0.975028932094574, 0.02497098781168461]"
Benign_64,img+recplot+gasf,5,0,0,"[0.9981297850608826, 0.0018702576635405421]"
Benign_71,img+recplot+gasf,5,0,0,"[0.9992652535438538, 0.0007347216014750302]"
Benign_72,img+recplot+gasf,5,0,0,"[0.9998296499252319, 0.00017027277499437332]"
Malignant_3,img+recplot+gasf,5,1,1,"[2.029685788329516e-07, 0.9999997615814209]"
Malignant_7,img+recplot+gasf,5,1,1,"[0.012998545542359352, 0.9870014190673828]"
Malignant_16,img+recplot+gasf,5,1,1,"[0.04640461876988411, 0.9535953998565674]"
Malignant_18,img+recplot+gasf,5,1,1,"[0.030465679243206978, 0.9695343375205994]"
Malignant_24,img+recplot+gasf,5,1,1,"[0.11316093802452087, 0.8868390321731567]"
Malignant_25,img+recplot+gasf,5,1,1,"[0.17274583876132965, 0.8272541761398315]"
Malignant_29,img+recplot+gasf,5,1,1,"[0.24631808698177338, 0.7536819577217102]"
Malignant_38,img+recplot+gasf,5,1,1,"[1.0688438578654313e-06, 0.999998927116394]"
Malignant_39,img+recplot+gasf,5,1,0,"[0.9623797535896301, 0.037620216608047485]"
Malignant_40,img+recplot+gasf,5,1,1,"[3.1716106718704395e-07, 0.9999996423721313]"
Malignant_43,img+recplot+gasf,5,1,1,"[0.01799323409795761, 0.9820067286491394]"
Malignant_51,img+recplot+gasf,5,1,1,"[0.03798553720116615, 0.9620144367218018]"
Malignant_57,img+recplot+gasf,5,1,1,"[0.1587679386138916, 0.8412320613861084]"
Malignant_59,img+recplot+gasf,5,1,1,"[0.284290075302124, 0.7157098650932312]"
Malignant_68,img+recplot+gasf,5,1,1,"[0.13983722031116486, 0.8601627349853516]"
Malignant_73,img+recplot+gasf,5,1,1,"[0.2196294516324997, 0.7803705334663391]"
Malignant_89,img+recplot+gasf,5,1,1,"[0.28430578112602234, 0.7156941890716553]"
Malignant_90,img+recplot+gasf,5,1,1,"[0.47446131706237793, 0.5255386829376221]"
Malignant_91,img+recplot+gasf,5,1,1,"[0.04064257815480232, 0.9593574404716492]"
Benign_1,img+recplot+gadf,1,0,0,"[0.999649167060852, 0.00035077883512713015]"
Benign_4,img+recplot+gadf,1,0,0,"[0.9992221593856812, 0.0007778899744153023]"
Benign_7,img+recplot+gadf,1,0,0,"[0.9997294545173645, 0.0002705846563912928]"
Benign_9,img+recplot+gadf,1,0,0,"[0.9991282820701599, 0.0008717738674022257]"
Benign_13,img+recplot+gadf,1,0,0,"[0.9299110174179077, 0.07008898258209229]"
Benign_15,img+recplot+gadf,1,0,0,"[0.998188316822052, 0.0018116867868229747]"
Benign_26,img+recplot+gadf,1,0,0,"[0.9347155094146729, 0.06528449803590775]"
Benign_36,img+recplot+gadf,1,0,0,"[0.9927256107330322, 0.00727432407438755]"
Benign_38,img+recplot+gadf,1,0,0,"[0.8638210892677307, 0.13617894053459167]"
Benign_41,img+recplot+gadf,1,0,0,"[0.9992788434028625, 0.0007212191121652722]"
Benign_43,img+recplot+gadf,1,0,1,"[0.4359947443008423, 0.5640053153038025]"
Benign_57,img+recplot+gadf,1,0,0,"[0.9922056794166565, 0.007794290315359831]"
Benign_65,img+recplot+gadf,1,0,0,"[0.9994664788246155, 0.0005335708265192807]"
Benign_68,img+recplot+gadf,1,0,0,"[0.9970493316650391, 0.0029505989514291286]"
Benign_73,img+recplot+gadf,1,0,0,"[0.8681654930114746, 0.13183455169200897]"
Malignant_6,img+recplot+gadf,1,1,1,"[0.20546863973140717, 0.7945313453674316]"
Malignant_8,img+recplot+gadf,1,1,1,"[0.10338185727596283, 0.8966181874275208]"
Malignant_15,img+recplot+gadf,1,1,1,"[0.013105017133057117, 0.986894965171814]"
Malignant_17,img+recplot+gadf,1,1,1,"[0.0692027285695076, 0.9307972192764282]"
Malignant_19,img+recplot+gadf,1,1,0,"[0.6603380441665649, 0.33966195583343506]"
Malignant_20,img+recplot+gadf,1,1,0,"[0.5367600917816162, 0.4632399082183838]"
Malignant_32,img+recplot+gadf,1,1,1,"[0.17251446843147278, 0.8274855017662048]"
Malignant_35,img+recplot+gadf,1,1,1,"[0.06961901485919952, 0.9303810000419617]"
Malignant_46,img+recplot+gadf,1,1,1,"[0.1516401767730713, 0.8483598232269287]"
Malignant_47,img+recplot+gadf,1,1,1,"[0.03874615207314491, 0.9612538814544678]"
Malignant_65,img+recplot+gadf,1,1,1,"[0.0023480397649109364, 0.997651994228363]"
Malignant_66,img+recplot+gadf,1,1,1,"[0.0558246485888958, 0.9441753625869751]"
Malignant_69,img+recplot+gadf,1,1,1,"[0.2783288061618805, 0.7216712236404419]"
Malignant_74,img+recplot+gadf,1,1,1,"[0.11286194622516632, 0.8871380686759949]"
Malignant_76,img+recplot+gadf,1,1,1,"[0.0006955021526664495, 0.9993045330047607]"
Malignant_77,img+recplot+gadf,1,1,1,"[0.07311716675758362, 0.926882803440094]"
Malignant_78,img+recplot+gadf,1,1,1,"[0.010959887877106667, 0.9890401363372803]"
Malignant_82,img+recplot+gadf,1,1,1,"[0.0021199712064117193, 0.9978801012039185]"
Benign_3,img+recplot+gadf,2,0,0,"[0.9999881982803345, 1.1844968867080752e-05]"
Benign_5,img+recplot+gadf,2,0,0,"[0.8612301349639893, 0.13876989483833313]"
Benign_16,img+recplot+gadf,2,0,0,"[0.9999982118606567, 1.781154651325778e-06]"
Benign_22,img+recplot+gadf,2,0,0,"[0.9388307929039001, 0.061169203370809555]"
Benign_32,img+recplot+gadf,2,0,0,"[0.9963996410369873, 0.003600315423682332]"
Benign_34,img+recplot+gadf,2,0,1,"[0.35626912117004395, 0.643730878829956]"
Benign_39,img+recplot+gadf,2,0,0,"[0.9842476844787598, 0.0157522801309824]"
Benign_49,img+recplot+gadf,2,0,0,"[0.9103600978851318, 0.08963983505964279]"
Benign_50,img+recplot+gadf,2,0,0,"[0.8668066263198853, 0.13319329917430878]"
Benign_52,img+recplot+gadf,2,0,0,"[0.7031517028808594, 0.296848326921463]"
Benign_54,img+recplot+gadf,2,0,0,"[0.8299682140350342, 0.17003180086612701]"
Benign_62,img+recplot+gadf,2,0,0,"[1.0, 1.2529343881850785e-12]"
Benign_67,img+recplot+gadf,2,0,0,"[0.6728450059890747, 0.32715505361557007]"
Benign_69,img+recplot+gadf,2,0,0,"[0.9923420548439026, 0.007657942362129688]"
Benign_70,img+recplot+gadf,2,0,0,"[0.9999991655349731, 8.116136882563296e-07]"
Malignant_1,img+recplot+gadf,2,1,0,"[0.6947088241577148, 0.3052911162376404]"
Malignant_4,img+recplot+gadf,2,1,1,"[0.0312274768948555, 0.9687725305557251]"
Malignant_10,img+recplot+gadf,2,1,1,"[0.03076792135834694, 0.9692321419715881]"
Malignant_11,img+recplot+gadf,2,1,1,"[0.004587679635733366, 0.995412290096283]"
Malignant_14,img+recplot+gadf,2,1,1,"[0.002710679080337286, 0.9972892999649048]"
Malignant_21,img+recplot+gadf,2,1,1,"[0.0264019425958395, 0.9735980033874512]"
Malignant_31,img+recplot+gadf,2,1,1,"[4.617858212441206e-05, 0.9999538660049438]"
Malignant_34,img+recplot+gadf,2,1,1,"[0.006150808651000261, 0.9938492178916931]"
Malignant_53,img+recplot+gadf,2,1,1,"[0.03148195892572403, 0.968518078327179]"
Malignant_54,img+recplot+gadf,2,1,1,"[0.0021914909593760967, 0.9978085160255432]"
Malignant_60,img+recplot+gadf,2,1,1,"[0.0004544042458292097, 0.9995455145835876]"
Malignant_64,img+recplot+gadf,2,1,1,"[0.0008075644145719707, 0.9991924166679382]"
Malignant_67,img+recplot+gadf,2,1,1,"[0.0004790964594576508, 0.9995208978652954]"
Malignant_70,img+recplot+gadf,2,1,1,"[0.006235920358449221, 0.9937641024589539]"
Malignant_72,img+recplot+gadf,2,1,1,"[0.10717049241065979, 0.8928294777870178]"
Malignant_83,img+recplot+gadf,2,1,1,"[0.0006534075364470482, 0.9993465542793274]"
Malignant_86,img+recplot+gadf,2,1,1,"[0.00035573708009906113, 0.9996442794799805]"
Malignant_87,img+recplot+gadf,2,1,1,"[0.00016750414215493947, 0.9998325109481812]"
Benign_8,img+recplot+gadf,3,0,0,"[0.8609890937805176, 0.1390109360218048]"
Benign_12,img+recplot+gadf,3,0,0,"[0.9979225993156433, 0.0020774148870259523]"
Benign_19,img+recplot+gadf,3,0,0,"[0.9905143976211548, 0.009485623799264431]"
Benign_20,img+recplot+gadf,3,0,0,"[0.5804904103279114, 0.41950953006744385]"
Benign_23,img+recplot+gadf,3,0,1,"[0.21004228293895721, 0.7899577021598816]"
Benign_24,img+recplot+gadf,3,0,0,"[0.7564630508422852, 0.24353688955307007]"
Benign_28,img+recplot+gadf,3,0,1,"[0.3829205334186554, 0.617079496383667]"
Benign_29,img+recplot+gadf,3,0,0,"[0.8779814839363098, 0.12201850861310959]"
Benign_35,img+recplot+gadf,3,0,0,"[0.8009641170501709, 0.1990358829498291]"
Benign_40,img+recplot+gadf,3,0,0,"[0.9287313222885132, 0.07126861065626144]"
Benign_44,img+recplot+gadf,3,0,0,"[0.5394001007080078, 0.4605999290943146]"
Benign_51,img+recplot+gadf,3,0,0,"[0.9614469408988953, 0.03855309635400772]"
Benign_58,img+recplot+gadf,3,0,0,"[0.9997370839118958, 0.00026291926042176783]"
Benign_61,img+recplot+gadf,3,0,0,"[0.9608240723609924, 0.03917597979307175]"
Benign_63,img+recplot+gadf,3,0,0,"[0.9994457364082336, 0.0005542457802221179]"
Malignant_2,img+recplot+gadf,3,1,1,"[0.023408234119415283, 0.9765917658805847]"
Malignant_9,img+recplot+gadf,3,1,1,"[0.23685294389724731, 0.7631470561027527]"
Malignant_13,img+recplot+gadf,3,1,1,"[0.08997516334056854, 0.9100248217582703]"
Malignant_26,img+recplot+gadf,3,1,1,"[0.0014537513488903642, 0.9985462427139282]"
Malignant_27,img+recplot+gadf,3,1,1,"[0.21749427914619446, 0.7825056910514832]"
Malignant_36,img+recplot+gadf,3,1,1,"[0.0007230864721350372, 0.9992769360542297]"
Malignant_37,img+recplot+gadf,3,1,1,"[0.0039059699047356844, 0.9960940480232239]"
Malignant_41,img+recplot+gadf,3,1,1,"[0.0012670005671679974, 0.9987329840660095]"
Malignant_45,img+recplot+gadf,3,1,1,"[0.0026380296330899, 0.997361958026886]"
Malignant_48,img+recplot+gadf,3,1,1,"[0.00691108638420701, 0.9930889010429382]"
Malignant_50,img+recplot+gadf,3,1,1,"[0.12556515634059906, 0.8744348287582397]"
Malignant_55,img+recplot+gadf,3,1,1,"[0.0017638053977862, 0.9982361793518066]"
Malignant_56,img+recplot+gadf,3,1,1,"[0.1073315218091011, 0.8926684260368347]"
Malignant_58,img+recplot+gadf,3,1,1,"[0.006819864735007286, 0.9931801557540894]"
Malignant_62,img+recplot+gadf,3,1,1,"[0.04575702175498009, 0.954243004322052]"
Malignant_81,img+recplot+gadf,3,1,1,"[0.027051856741309166, 0.9729481339454651]"
Malignant_84,img+recplot+gadf,3,1,1,"[0.00016192316252272576, 0.9998379945755005]"
Malignant_88,img+recplot+gadf,3,1,1,"[2.745868414422148e-06, 0.9999972581863403]"
Benign_10,img+recplot+gadf,4,0,0,"[0.9920885562896729, 0.007911418564617634]"
Benign_14,img+recplot+gadf,4,0,0,"[0.9964470267295837, 0.0035530223976820707]"
Benign_17,img+recplot+gadf,4,0,0,"[0.9942536950111389, 0.0057462891563773155]"
Benign_18,img+recplot+gadf,4,0,0,"[0.9985596537590027, 0.0014403185341507196]"
Benign_27,img+recplot+gadf,4,0,0,"[0.9975994229316711, 0.0024006287567317486]"
Benign_30,img+recplot+gadf,4,0,0,"[0.9977723956108093, 0.0022276032250374556]"
Benign_31,img+recplot+gadf,4,0,0,"[0.6345903277397156, 0.36540964245796204]"
Benign_33,img+recplot+gadf,4,0,0,"[0.9999856948852539, 1.4305585864349268e-05]"
Benign_37,img+recplot+gadf,4,0,0,"[0.9280881285667419, 0.07191186398267746]"
Benign_42,img+recplot+gadf,4,0,0,"[0.995225191116333, 0.004774775821715593]"
Benign_46,img+recplot+gadf,4,0,0,"[0.9525377750396729, 0.047462157905101776]"
Benign_47,img+recplot+gadf,4,0,1,"[0.4132930636405945, 0.5867068767547607]"
Benign_53,img+recplot+gadf,4,0,0,"[0.9902904629707336, 0.009709494188427925]"
Benign_66,img+recplot+gadf,4,0,0,"[0.8939615488052368, 0.10603842884302139]"
Benign_74,img+recplot+gadf,4,0,0,"[0.9999985694885254, 1.4240752079786034e-06]"
Malignant_5,img+recplot+gadf,4,1,1,"[0.04393232986330986, 0.9560677409172058]"
Malignant_12,img+recplot+gadf,4,1,1,"[0.025809381157159805, 0.9741905927658081]"
Malignant_22,img+recplot+gadf,4,1,0,"[0.775475025177002, 0.22452497482299805]"
Malignant_23,img+recplot+gadf,4,1,1,"[0.008708707988262177, 0.9912912845611572]"
Malignant_28,img+recplot+gadf,4,1,1,"[9.872167720459402e-05, 0.999901294708252]"
Malignant_30,img+recplot+gadf,4,1,1,"[0.08119810372591019, 0.9188019037246704]"
Malignant_33,img+recplot+gadf,4,1,1,"[0.015644896775484085, 0.984355092048645]"
Malignant_42,img+recplot+gadf,4,1,1,"[0.011791992001235485, 0.988207995891571]"
Malignant_44,img+recplot+gadf,4,1,1,"[0.10664238035678864, 0.8933575749397278]"
Malignant_49,img+recplot+gadf,4,1,1,"[0.13375110924243927, 0.8662489056587219]"
Malignant_52,img+recplot+gadf,4,1,1,"[0.02465263195335865, 0.9753473997116089]"
Malignant_61,img+recplot+gadf,4,1,1,"[0.06416386365890503, 0.9358361959457397]"
Malignant_63,img+recplot+gadf,4,1,1,"[0.007997144013643265, 0.9920028448104858]"
Malignant_71,img+recplot+gadf,4,1,1,"[0.06460187584161758, 0.9353981018066406]"
Malignant_75,img+recplot+gadf,4,1,1,"[0.048700712621212006, 0.951299250125885]"
Malignant_79,img+recplot+gadf,4,1,1,"[0.014891254715621471, 0.9851087927818298]"
Malignant_80,img+recplot+gadf,4,1,1,"[0.01999909058213234, 0.980000913143158]"
Malignant_85,img+recplot+gadf,4,1,1,"[0.19839860498905182, 0.8016014099121094]"
Benign_2,img+recplot+gadf,5,0,0,"[0.9999665021896362, 3.352241401444189e-05]"
Benign_6,img+recplot+gadf,5,0,0,"[0.9992479681968689, 0.0007520172512158751]"
Benign_11,img+recplot+gadf,5,0,0,"[0.999962568283081, 3.748282324522734e-05]"
Benign_21,img+recplot+gadf,5,0,0,"[0.868049681186676, 0.13195030391216278]"
Benign_25,img+recplot+gadf,5,0,0,"[0.7013614773750305, 0.2986385226249695]"
Benign_45,img+recplot+gadf,5,0,0,"[0.9856508374214172, 0.014349137432873249]"
Benign_48,img+recplot+gadf,5,0,0,"[0.9994927644729614, 0.000507202697917819]"
Benign_55,img+recplot+gadf,5,0,0,"[0.9940142035484314, 0.005985754542052746]"
Benign_56,img+recplot+gadf,5,0,0,"[0.87502121925354, 0.12497873604297638]"
Benign_59,img+recplot+gadf,5,0,0,"[0.9999686479568481, 3.131327321170829e-05]"
Benign_60,img+recplot+gadf,5,0,0,"[0.9922652244567871, 0.0077348025515675545]"
Benign_64,img+recplot+gadf,5,0,0,"[0.9993361830711365, 0.0006637359037995338]"
Benign_71,img+recplot+gadf,5,0,0,"[0.9998589754104614, 0.00014102636487223208]"
Benign_72,img+recplot+gadf,5,0,0,"[0.9999701976776123, 2.9851185900042765e-05]"
Malignant_3,img+recplot+gadf,5,1,1,"[0.001021652133204043, 0.9989783763885498]"
Malignant_7,img+recplot+gadf,5,1,0,"[0.5017650723457336, 0.4982348680496216]"
Malignant_16,img+recplot+gadf,5,1,0,"[0.5568639636039734, 0.4431360065937042]"
Malignant_18,img+recplot+gadf,5,1,1,"[0.26395654678344727, 0.7360434532165527]"
Malignant_24,img+recplot+gadf,5,1,1,"[0.4010585844516754, 0.5989413857460022]"
Malignant_25,img+recplot+gadf,5,1,1,"[0.07537339627742767, 0.9246265888214111]"
Malignant_29,img+recplot+gadf,5,1,1,"[0.1920984983444214, 0.8079015016555786]"
Malignant_38,img+recplot+gadf,5,1,1,"[0.0016161452513188124, 0.9983838796615601]"
Malignant_39,img+recplot+gadf,5,1,0,"[0.9834309816360474, 0.016569100320339203]"
Malignant_40,img+recplot+gadf,5,1,1,"[0.01127546839416027, 0.9887245297431946]"
Malignant_43,img+recplot+gadf,5,1,1,"[0.09166086465120316, 0.9083391427993774]"
Malignant_51,img+recplot+gadf,5,1,1,"[0.04331902787089348, 0.956680953502655]"
Malignant_57,img+recplot+gadf,5,1,1,"[0.45033183693885803, 0.5496680736541748]"
Malignant_59,img+recplot+gadf,5,1,1,"[0.3295726776123047, 0.6704273223876953]"
Malignant_68,img+recplot+gadf,5,1,1,"[0.047994859516620636, 0.9520052075386047]"
Malignant_73,img+recplot+gadf,5,1,1,"[0.07869342714548111, 0.9213066101074219]"
Malignant_89,img+recplot+gadf,5,1,1,"[0.027150938287377357, 0.9728490710258484]"
Malignant_90,img+recplot+gadf,5,1,1,"[0.40244171023368835, 0.5975582599639893]"
Malignant_91,img+recplot+gadf,5,1,1,"[6.061618842068128e-05, 0.9999393224716187]"
Benign_1,img+mtf+gasf,1,0,0,"[0.9564610123634338, 0.04353892803192139]"
Benign_4,img+mtf+gasf,1,0,0,"[0.9716123938560486, 0.028387565165758133]"
Benign_7,img+mtf+gasf,1,0,0,"[0.9836384057998657, 0.01636154018342495]"
Benign_9,img+mtf+gasf,1,0,0,"[0.8965176343917847, 0.10348236560821533]"
Benign_13,img+mtf+gasf,1,0,0,"[0.6859868764877319, 0.3140130937099457]"
Benign_15,img+mtf+gasf,1,0,0,"[0.776411235332489, 0.2235887199640274]"
Benign_26,img+mtf+gasf,1,0,0,"[0.9767867922782898, 0.02321314625442028]"
Benign_36,img+mtf+gasf,1,0,0,"[0.7784008383750916, 0.22159910202026367]"
Benign_38,img+mtf+gasf,1,0,1,"[0.24067363142967224, 0.7593263983726501]"
Benign_41,img+mtf+gasf,1,0,0,"[0.8703349232673645, 0.12966515123844147]"
Benign_43,img+mtf+gasf,1,0,0,"[0.9709947109222412, 0.029005268588662148]"
Benign_57,img+mtf+gasf,1,0,0,"[0.9784579873085022, 0.02154199220240116]"
Benign_65,img+mtf+gasf,1,0,0,"[0.9703162312507629, 0.02968374639749527]"
Benign_68,img+mtf+gasf,1,0,0,"[0.9516782760620117, 0.048321694135665894]"
Benign_73,img+mtf+gasf,1,0,0,"[0.9952310919761658, 0.004768826998770237]"
Malignant_6,img+mtf+gasf,1,1,0,"[0.5927339792251587, 0.4072660207748413]"
Malignant_8,img+mtf+gasf,1,1,1,"[0.43706855177879333, 0.562931478023529]"
Malignant_15,img+mtf+gasf,1,1,1,"[0.3669086694717407, 0.6330913305282593]"
Malignant_17,img+mtf+gasf,1,1,1,"[0.0043677641078829765, 0.9956322312355042]"
Malignant_19,img+mtf+gasf,1,1,1,"[0.46751147508621216, 0.5324884653091431]"
Malignant_20,img+mtf+gasf,1,1,1,"[0.014133737422525883, 0.9858662486076355]"
Malignant_32,img+mtf+gasf,1,1,1,"[0.001210520975291729, 0.9987894892692566]"
Malignant_35,img+mtf+gasf,1,1,1,"[0.3152843415737152, 0.6847156286239624]"
Malignant_46,img+mtf+gasf,1,1,1,"[1.1934202237551261e-10, 1.0]"
Malignant_47,img+mtf+gasf,1,1,1,"[0.4761446714401245, 0.5238553881645203]"
Malignant_65,img+mtf+gasf,1,1,1,"[0.00011565855675144121, 0.9998843669891357]"
Malignant_66,img+mtf+gasf,1,1,1,"[0.004468740429729223, 0.9955312609672546]"
Malignant_69,img+mtf+gasf,1,1,1,"[0.02730066515505314, 0.9726993441581726]"
Malignant_74,img+mtf+gasf,1,1,1,"[0.010830825194716454, 0.9891692399978638]"
Malignant_76,img+mtf+gasf,1,1,1,"[3.6421875847736374e-05, 0.9999635219573975]"
Malignant_77,img+mtf+gasf,1,1,1,"[0.2986631691455841, 0.7013368606567383]"
Malignant_78,img+mtf+gasf,1,1,1,"[0.13836254179477692, 0.8616374731063843]"
Malignant_82,img+mtf+gasf,1,1,1,"[0.20001281797885895, 0.7999871969223022]"
Benign_3,img+mtf+gasf,2,0,0,"[0.9973992109298706, 0.0026008179411292076]"
Benign_5,img+mtf+gasf,2,0,0,"[0.8014078140258789, 0.1985921859741211]"
Benign_16,img+mtf+gasf,2,0,0,"[0.9991021156311035, 0.0008979638223536313]"
Benign_22,img+mtf+gasf,2,0,0,"[0.9306079745292664, 0.06939209997653961]"
Benign_32,img+mtf+gasf,2,0,0,"[0.9879668354988098, 0.012033115141093731]"
Benign_34,img+mtf+gasf,2,0,0,"[0.8391407132148743, 0.16085927188396454]"
Benign_39,img+mtf+gasf,2,0,1,"[0.3450038731098175, 0.6549961566925049]"
Benign_49,img+mtf+gasf,2,0,0,"[0.9561522006988525, 0.04384787008166313]"
Benign_50,img+mtf+gasf,2,0,0,"[0.676632821559906, 0.32336723804473877]"
Benign_52,img+mtf+gasf,2,0,0,"[0.9848317503929138, 0.015168227255344391]"
Benign_54,img+mtf+gasf,2,0,0,"[0.9746460318565369, 0.025353947654366493]"
Benign_62,img+mtf+gasf,2,0,0,"[0.999993085861206, 6.971558377699694e-06]"
Benign_67,img+mtf+gasf,2,0,1,"[0.18160642683506012, 0.8183935880661011]"
Benign_69,img+mtf+gasf,2,0,0,"[0.9113059639930725, 0.08869396150112152]"
Benign_70,img+mtf+gasf,2,0,0,"[0.9999921321868896, 7.851044756534975e-06]"
Malignant_1,img+mtf+gasf,2,1,1,"[0.09217588603496552, 0.9078240990638733]"
Malignant_4,img+mtf+gasf,2,1,1,"[0.00791054219007492, 0.9920893907546997]"
Malignant_10,img+mtf+gasf,2,1,1,"[0.08074422925710678, 0.919255793094635]"
Malignant_11,img+mtf+gasf,2,1,1,"[0.006156226620078087, 0.9938437938690186]"
Malignant_14,img+mtf+gasf,2,1,1,"[0.01110259909182787, 0.9888973832130432]"
Malignant_21,img+mtf+gasf,2,1,1,"[0.004073231481015682, 0.9959267973899841]"
Malignant_31,img+mtf+gasf,2,1,1,"[0.0046264189295470715, 0.995373547077179]"
Malignant_34,img+mtf+gasf,2,1,1,"[0.059789277613162994, 0.9402107000350952]"
Malignant_53,img+mtf+gasf,2,1,1,"[0.0035947910510003567, 0.9964052438735962]"
Malignant_54,img+mtf+gasf,2,1,1,"[0.004539222922176123, 0.9954608082771301]"
Malignant_60,img+mtf+gasf,2,1,1,"[0.018311843276023865, 0.9816882014274597]"
Malignant_64,img+mtf+gasf,2,1,1,"[0.007993219420313835, 0.9920068383216858]"
Malignant_67,img+mtf+gasf,2,1,1,"[0.11469226330518723, 0.885307788848877]"
Malignant_70,img+mtf+gasf,2,1,1,"[0.07319473475217819, 0.9268052577972412]"
Malignant_72,img+mtf+gasf,2,1,1,"[0.01337460894137621, 0.9866254329681396]"
Malignant_83,img+mtf+gasf,2,1,1,"[0.0013679665280506015, 0.99863201379776]"
Malignant_86,img+mtf+gasf,2,1,1,"[0.004649314098060131, 0.99535071849823]"
Malignant_87,img+mtf+gasf,2,1,1,"[0.00614604726433754, 0.9938539266586304]"
Benign_8,img+mtf+gasf,3,0,0,"[0.9396323561668396, 0.06036768853664398]"
Benign_12,img+mtf+gasf,3,0,0,"[0.9953168630599976, 0.004683147184550762]"
Benign_19,img+mtf+gasf,3,0,0,"[0.9962241649627686, 0.0037758529651910067]"
Benign_20,img+mtf+gasf,3,0,0,"[0.7368828058242798, 0.2631171941757202]"
Benign_23,img+mtf+gasf,3,0,1,"[0.09546757489442825, 0.9045323729515076]"
Benign_24,img+mtf+gasf,3,0,0,"[0.9976015686988831, 0.002398478100076318]"
Benign_28,img+mtf+gasf,3,0,0,"[0.935596227645874, 0.06440384685993195]"
Benign_29,img+mtf+gasf,3,0,0,"[0.9227535128593445, 0.07724646478891373]"
Benign_35,img+mtf+gasf,3,0,0,"[0.9999139308929443, 8.605422044638544e-05]"
Benign_40,img+mtf+gasf,3,0,0,"[0.999202311038971, 0.0007977061322890222]"
Benign_44,img+mtf+gasf,3,0,0,"[0.9945358037948608, 0.00546426884829998]"
Benign_51,img+mtf+gasf,3,0,0,"[0.9999750852584839, 2.4874520022422075e-05]"
Benign_58,img+mtf+gasf,3,0,0,"[0.9965634942054749, 0.0034365474712103605]"
Benign_61,img+mtf+gasf,3,0,0,"[0.996298611164093, 0.003701413981616497]"
Benign_63,img+mtf+gasf,3,0,0,"[0.9853228330612183, 0.014677150174975395]"
Malignant_2,img+mtf+gasf,3,1,1,"[0.002306985668838024, 0.9976930022239685]"
Malignant_9,img+mtf+gasf,3,1,1,"[0.027132567018270493, 0.9728674292564392]"
Malignant_13,img+mtf+gasf,3,1,1,"[0.0025434819981455803, 0.9974564909934998]"
Malignant_26,img+mtf+gasf,3,1,1,"[0.20510567724704742, 0.7948943376541138]"
Malignant_27,img+mtf+gasf,3,1,1,"[0.41399475932121277, 0.5860052108764648]"
Malignant_36,img+mtf+gasf,3,1,1,"[0.0015315803466364741, 0.9984683394432068]"
Malignant_37,img+mtf+gasf,3,1,1,"[1.6197476782053855e-07, 0.9999998807907104]"
Malignant_41,img+mtf+gasf,3,1,1,"[0.05389358475804329, 0.9461064338684082]"
Malignant_45,img+mtf+gasf,3,1,1,"[0.052665825933218, 0.9473341703414917]"
Malignant_48,img+mtf+gasf,3,1,1,"[0.023489298298954964, 0.9765107035636902]"
Malignant_50,img+mtf+gasf,3,1,1,"[0.0004189021128695458, 0.9995811581611633]"
Malignant_55,img+mtf+gasf,3,1,1,"[0.028388207778334618, 0.9716118574142456]"
Malignant_56,img+mtf+gasf,3,1,1,"[2.9469336368492804e-05, 0.999970555305481]"
Malignant_58,img+mtf+gasf,3,1,1,"[0.06585370749235153, 0.9341463446617126]"
Malignant_62,img+mtf+gasf,3,1,1,"[5.402089300332591e-06, 0.9999946355819702]"
Malignant_81,img+mtf+gasf,3,1,1,"[0.00012996017176192254, 0.9998700618743896]"
Malignant_84,img+mtf+gasf,3,1,1,"[0.0017762022325769067, 0.9982238411903381]"
Malignant_88,img+mtf+gasf,3,1,1,"[2.5405772703379625e-06, 0.9999974966049194]"
Benign_10,img+mtf+gasf,4,0,0,"[0.9963662624359131, 0.0036337608471512794]"
Benign_14,img+mtf+gasf,4,0,0,"[0.9963520765304565, 0.0036479432601481676]"
Benign_17,img+mtf+gasf,4,0,0,"[0.9979612827301025, 0.002038736594840884]"
Benign_18,img+mtf+gasf,4,0,0,"[0.7696879506111145, 0.2303120344877243]"
Benign_27,img+mtf+gasf,4,0,0,"[0.6760191321372986, 0.3239808976650238]"
Benign_30,img+mtf+gasf,4,0,0,"[0.9319612979888916, 0.06803866475820541]"
Benign_31,img+mtf+gasf,4,0,0,"[0.5978463888168335, 0.4021536111831665]"
Benign_33,img+mtf+gasf,4,0,0,"[0.9726361036300659, 0.02736392244696617]"
Benign_37,img+mtf+gasf,4,0,0,"[0.5329025983810425, 0.4670974314212799]"
Benign_42,img+mtf+gasf,4,0,0,"[0.9999978542327881, 2.195405841121101e-06]"
Benign_46,img+mtf+gasf,4,0,0,"[0.999967098236084, 3.289017331553623e-05]"
Benign_47,img+mtf+gasf,4,0,0,"[0.9906420111656189, 0.009357927367091179]"
Benign_53,img+mtf+gasf,4,0,0,"[0.9977040886878967, 0.0022959341295063496]"
Benign_66,img+mtf+gasf,4,0,0,"[0.9999306201934814, 6.938010483281687e-05]"
Benign_74,img+mtf+gasf,4,0,0,"[0.9714611768722534, 0.02853885106742382]"
Malignant_5,img+mtf+gasf,4,1,1,"[0.11696257442235947, 0.8830373883247375]"
Malignant_12,img+mtf+gasf,4,1,1,"[0.026630718261003494, 0.9733692407608032]"
Malignant_22,img+mtf+gasf,4,1,1,"[0.4927637279033661, 0.5072362422943115]"
Malignant_23,img+mtf+gasf,4,1,1,"[0.001843000529333949, 0.9981569647789001]"
Malignant_28,img+mtf+gasf,4,1,1,"[0.08063837885856628, 0.9193615913391113]"
Malignant_30,img+mtf+gasf,4,1,1,"[0.001046558259986341, 0.9989534616470337]"
Malignant_33,img+mtf+gasf,4,1,1,"[0.03762023523449898, 0.9623797535896301]"
Malignant_42,img+mtf+gasf,4,1,1,"[0.11356643587350845, 0.8864335417747498]"
Malignant_44,img+mtf+gasf,4,1,0,"[0.6095784306526184, 0.3904215693473816]"
Malignant_49,img+mtf+gasf,4,1,1,"[3.911356907337904e-05, 0.9999608993530273]"
Malignant_52,img+mtf+gasf,4,1,1,"[0.05853480473160744, 0.9414651393890381]"
Malignant_61,img+mtf+gasf,4,1,1,"[0.2963796555995941, 0.7036203145980835]"
Malignant_63,img+mtf+gasf,4,1,1,"[0.02985043078660965, 0.970149576663971]"
Malignant_71,img+mtf+gasf,4,1,1,"[0.13337239623069763, 0.8666276335716248]"
Malignant_75,img+mtf+gasf,4,1,1,"[0.009981787763535976, 0.9900181293487549]"
Malignant_79,img+mtf+gasf,4,1,1,"[0.06658148020505905, 0.9334185123443604]"
Malignant_80,img+mtf+gasf,4,1,1,"[0.03900572657585144, 0.9609942436218262]"
Malignant_85,img+mtf+gasf,4,1,1,"[0.01720103621482849, 0.9827989935874939]"
Benign_2,img+mtf+gasf,5,0,0,"[0.9997568726539612, 0.00024314661277458072]"
Benign_6,img+mtf+gasf,5,0,0,"[0.999555766582489, 0.000444261560915038]"
Benign_11,img+mtf+gasf,5,0,0,"[0.9931730628013611, 0.006826974451541901]"
Benign_21,img+mtf+gasf,5,0,0,"[0.9468837380409241, 0.05311622470617294]"
Benign_25,img+mtf+gasf,5,0,1,"[0.283561646938324, 0.7164384126663208]"
Benign_45,img+mtf+gasf,5,0,0,"[0.8457164168357849, 0.1542835533618927]"
Benign_48,img+mtf+gasf,5,0,0,"[0.6929282546043396, 0.3070717751979828]"
Benign_55,img+mtf+gasf,5,0,0,"[0.9988340735435486, 0.0011658964212983847]"
Benign_56,img+mtf+gasf,5,0,0,"[0.9083920121192932, 0.09160792082548141]"
Benign_59,img+mtf+gasf,5,0,0,"[0.9964738488197327, 0.0035261500161141157]"
Benign_60,img+mtf+gasf,5,0,0,"[0.9563905000686646, 0.043609488755464554]"
Benign_64,img+mtf+gasf,5,0,0,"[0.9658069610595703, 0.03419303894042969]"
Benign_71,img+mtf+gasf,5,0,0,"[0.9997712969779968, 0.00022871725377626717]"
Benign_72,img+mtf+gasf,5,0,0,"[0.999995231628418, 4.816355158254737e-06]"
Malignant_3,img+mtf+gasf,5,1,1,"[0.0061600469052791595, 0.9938399195671082]"
Malignant_7,img+mtf+gasf,5,1,1,"[0.15750214457511902, 0.8424978852272034]"
Malignant_16,img+mtf+gasf,5,1,1,"[0.27107107639312744, 0.7289289236068726]"
Malignant_18,img+mtf+gasf,5,1,1,"[0.05012676864862442, 0.9498732686042786]"
Malignant_24,img+mtf+gasf,5,1,1,"[0.02492091804742813, 0.9750790596008301]"
Malignant_25,img+mtf+gasf,5,1,1,"[0.01603076420724392, 0.9839692115783691]"
Malignant_29,img+mtf+gasf,5,1,1,"[0.04327338561415672, 0.9567266702651978]"
Malignant_38,img+mtf+gasf,5,1,1,"[0.0011187114287167788, 0.9988812804222107]"
Malignant_39,img+mtf+gasf,5,1,1,"[0.2229568213224411, 0.7770432233810425]"
Malignant_40,img+mtf+gasf,5,1,1,"[0.0004793664556927979, 0.9995206594467163]"
Malignant_43,img+mtf+gasf,5,1,1,"[0.05869770050048828, 0.9413022398948669]"
Malignant_51,img+mtf+gasf,5,1,1,"[0.06226624175906181, 0.9377337694168091]"
Malignant_57,img+mtf+gasf,5,1,1,"[0.3979133665561676, 0.60208660364151]"
Malignant_59,img+mtf+gasf,5,1,1,"[0.11836359649896622, 0.881636381149292]"
Malignant_68,img+mtf+gasf,5,1,1,"[0.007051440887153149, 0.9929485321044922]"
Malignant_73,img+mtf+gasf,5,1,1,"[0.01231286022812128, 0.9876871705055237]"
Malignant_89,img+mtf+gasf,5,1,1,"[0.0095073776319623, 0.9904926419258118]"
Malignant_90,img+mtf+gasf,5,1,1,"[0.011828995309770107, 0.9881709814071655]"
Malignant_91,img+mtf+gasf,5,1,1,"[0.01649232767522335, 0.9835076332092285]"
Benign_1,img+mtf+gadf,1,0,0,"[0.957966148853302, 0.042033854871988297]"
Benign_4,img+mtf+gadf,1,0,0,"[0.999967098236084, 3.286057471996173e-05]"
Benign_7,img+mtf+gadf,1,0,0,"[0.9999988079071045, 1.1935406973861973e-06]"
Benign_9,img+mtf+gadf,1,0,0,"[0.9997068047523499, 0.00029322155751287937]"
Benign_13,img+mtf+gadf,1,0,1,"[0.24124039709568024, 0.758759617805481]"
Benign_15,img+mtf+gadf,1,0,0,"[0.9731791019439697, 0.02682088501751423]"
Benign_26,img+mtf+gadf,1,0,0,"[0.9967526793479919, 0.0032473294995725155]"
Benign_36,img+mtf+gadf,1,0,0,"[0.9818759560585022, 0.01812402904033661]"
Benign_38,img+mtf+gadf,1,0,1,"[0.17681874334812164, 0.8231812715530396]"
Benign_41,img+mtf+gadf,1,0,0,"[0.960859477519989, 0.03914047032594681]"
Benign_43,img+mtf+gadf,1,0,0,"[0.7442128658294678, 0.25578710436820984]"
Benign_57,img+mtf+gadf,1,0,0,"[0.9954816102981567, 0.004518398083746433]"
Benign_65,img+mtf+gadf,1,0,0,"[0.9979933500289917, 0.0020066346041858196]"
Benign_68,img+mtf+gadf,1,0,0,"[0.9952210783958435, 0.0047789765521883965]"
Benign_73,img+mtf+gadf,1,0,0,"[0.9921590089797974, 0.007841003127396107]"
Malignant_6,img+mtf+gadf,1,1,1,"[0.012202509678900242, 0.9877974390983582]"
Malignant_8,img+mtf+gadf,1,1,1,"[0.02453804574906826, 0.9754619598388672]"
Malignant_15,img+mtf+gadf,1,1,1,"[8.180251825251617e-06, 0.999991774559021]"
Malignant_17,img+mtf+gadf,1,1,1,"[0.0001873211731435731, 0.999812662601471]"
Malignant_19,img+mtf+gadf,1,1,1,"[0.05915103107690811, 0.9408490061759949]"
Malignant_20,img+mtf+gadf,1,1,1,"[0.007640065625309944, 0.9923599362373352]"
Malignant_32,img+mtf+gadf,1,1,1,"[0.0013350993394851685, 0.9986648559570312]"
Malignant_35,img+mtf+gadf,1,1,1,"[0.00045502104330807924, 0.9995449185371399]"
Malignant_46,img+mtf+gadf,1,1,1,"[0.0011855034390464425, 0.9988144636154175]"
Malignant_47,img+mtf+gadf,1,1,1,"[0.03722917288541794, 0.9627708792686462]"
Malignant_65,img+mtf+gadf,1,1,1,"[0.002212174702435732, 0.9977878332138062]"
Malignant_66,img+mtf+gadf,1,1,1,"[0.00026514381170272827, 0.9997348189353943]"
Malignant_69,img+mtf+gadf,1,1,1,"[0.00016748001507949084, 0.9998325109481812]"
Malignant_74,img+mtf+gadf,1,1,1,"[0.0003848036576528102, 0.9996151924133301]"
Malignant_76,img+mtf+gadf,1,1,1,"[1.663449984334875e-05, 0.9999833106994629]"
Malignant_77,img+mtf+gadf,1,1,1,"[0.0011814129538834095, 0.998818576335907]"
Malignant_78,img+mtf+gadf,1,1,1,"[0.00035015607136301696, 0.9996498823165894]"
Malignant_82,img+mtf+gadf,1,1,1,"[4.728859130409546e-05, 0.9999526739120483]"
Benign_3,img+mtf+gadf,2,0,0,"[0.9488894939422607, 0.051110539585351944]"
Benign_5,img+mtf+gadf,2,0,0,"[0.9779850244522095, 0.022014999762177467]"
Benign_16,img+mtf+gadf,2,0,0,"[0.9996672868728638, 0.00033276635804213583]"
Benign_22,img+mtf+gadf,2,0,0,"[0.9797046184539795, 0.020295381546020508]"
Benign_32,img+mtf+gadf,2,0,0,"[0.9555692672729492, 0.044430699199438095]"
Benign_34,img+mtf+gadf,2,0,1,"[0.40190115571022034, 0.598098874092102]"
Benign_39,img+mtf+gadf,2,0,0,"[0.9938580393791199, 0.006141988560557365]"
Benign_49,img+mtf+gadf,2,0,0,"[0.9997429251670837, 0.0002571118238847703]"
Benign_50,img+mtf+gadf,2,0,1,"[0.15438218414783478, 0.8456177711486816]"
Benign_52,img+mtf+gadf,2,0,0,"[0.9994487166404724, 0.0005512280622497201]"
Benign_54,img+mtf+gadf,2,0,0,"[0.925212025642395, 0.07478795945644379]"
Benign_62,img+mtf+gadf,2,0,0,"[0.9933755993843079, 0.006624395027756691]"
Benign_67,img+mtf+gadf,2,0,1,"[0.2823914885520935, 0.7176085114479065]"
Benign_69,img+mtf+gadf,2,0,0,"[0.9642096757888794, 0.0357903353869915]"
Benign_70,img+mtf+gadf,2,0,0,"[0.9999881982803345, 1.1787205949076451e-05]"
Malignant_1,img+mtf+gadf,2,1,1,"[0.16956357657909393, 0.8304364085197449]"
Malignant_4,img+mtf+gadf,2,1,1,"[0.0015857084654271603, 0.9984142780303955]"
Malignant_10,img+mtf+gadf,2,1,1,"[0.10301156342029572, 0.8969884514808655]"
Malignant_11,img+mtf+gadf,2,1,1,"[0.10940077155828476, 0.890599250793457]"
Malignant_14,img+mtf+gadf,2,1,1,"[0.008085270412266254, 0.9919147491455078]"
Malignant_21,img+mtf+gadf,2,1,1,"[0.0002483937132637948, 0.999751627445221]"
Malignant_31,img+mtf+gadf,2,1,1,"[0.032219693064689636, 0.9677802324295044]"
Malignant_34,img+mtf+gadf,2,1,1,"[0.05884285271167755, 0.9411571621894836]"
Malignant_53,img+mtf+gadf,2,1,1,"[0.00225433218292892, 0.99774569272995]"
Malignant_54,img+mtf+gadf,2,1,1,"[0.0016073111910372972, 0.998392641544342]"
Malignant_60,img+mtf+gadf,2,1,1,"[0.006525299046188593, 0.9934746623039246]"
Malignant_64,img+mtf+gadf,2,1,1,"[0.002291649580001831, 0.9977083206176758]"
Malignant_67,img+mtf+gadf,2,1,1,"[0.009504404850304127, 0.9904955625534058]"
Malignant_70,img+mtf+gadf,2,1,1,"[0.023463143035769463, 0.9765368700027466]"
Malignant_72,img+mtf+gadf,2,1,1,"[0.05382780358195305, 0.9461721181869507]"
Malignant_83,img+mtf+gadf,2,1,1,"[2.1688667402486317e-05, 0.9999783039093018]"
Malignant_86,img+mtf+gadf,2,1,1,"[0.06875471770763397, 0.9312452673912048]"
Malignant_87,img+mtf+gadf,2,1,1,"[0.02120944671332836, 0.9787905812263489]"
Benign_8,img+mtf+gadf,3,0,0,"[0.9764603972434998, 0.023539619520306587]"
Benign_12,img+mtf+gadf,3,0,0,"[0.7970602512359619, 0.2029397189617157]"
Benign_19,img+mtf+gadf,3,0,0,"[0.93227618932724, 0.0677238330245018]"
Benign_20,img+mtf+gadf,3,0,0,"[0.9751462936401367, 0.024853751063346863]"
Benign_23,img+mtf+gadf,3,0,1,"[0.23872515559196472, 0.7612748742103577]"
Benign_24,img+mtf+gadf,3,0,0,"[0.7247993350028992, 0.27520063519477844]"
Benign_28,img+mtf+gadf,3,0,0,"[0.6426462531089783, 0.35735374689102173]"
Benign_29,img+mtf+gadf,3,0,0,"[0.9830977320671082, 0.01690227910876274]"
Benign_35,img+mtf+gadf,3,0,0,"[0.926184356212616, 0.07381569594144821]"
Benign_40,img+mtf+gadf,3,0,0,"[0.9465195536613464, 0.05348045751452446]"
Benign_44,img+mtf+gadf,3,0,0,"[0.9543730616569519, 0.04562695696949959]"
Benign_51,img+mtf+gadf,3,0,0,"[0.8972791433334351, 0.10272081941366196]"
Benign_58,img+mtf+gadf,3,0,0,"[0.9952735304832458, 0.00472649373114109]"
Benign_61,img+mtf+gadf,3,0,0,"[0.9942943453788757, 0.005705609451979399]"
Benign_63,img+mtf+gadf,3,0,0,"[0.5822203159332275, 0.41777971386909485]"
Malignant_2,img+mtf+gadf,3,1,1,"[0.1189231127500534, 0.8810768723487854]"
Malignant_9,img+mtf+gadf,3,1,1,"[0.006902093067765236, 0.9930979609489441]"
Malignant_13,img+mtf+gadf,3,1,1,"[0.14511537551879883, 0.8548845648765564]"
Malignant_26,img+mtf+gadf,3,1,1,"[5.519323531189002e-05, 0.999944806098938]"
Malignant_27,img+mtf+gadf,3,1,1,"[0.1578371375799179, 0.8421628475189209]"
Malignant_36,img+mtf+gadf,3,1,1,"[5.805323439744825e-07, 0.9999994039535522]"
Malignant_37,img+mtf+gadf,3,1,1,"[1.839012952586927e-06, 0.9999982118606567]"
Malignant_41,img+mtf+gadf,3,1,1,"[0.00020376319298520684, 0.9997962117195129]"
Malignant_45,img+mtf+gadf,3,1,1,"[0.0001378538872813806, 0.9998620748519897]"
Malignant_48,img+mtf+gadf,3,1,1,"[0.0004341807507444173, 0.9995657801628113]"
Malignant_50,img+mtf+gadf,3,1,1,"[7.446977292602242e-07, 0.9999992847442627]"
Malignant_55,img+mtf+gadf,3,1,1,"[0.008423891849815845, 0.9915761351585388]"
Malignant_56,img+mtf+gadf,3,1,1,"[6.376706551236566e-06, 0.9999936819076538]"
Malignant_58,img+mtf+gadf,3,1,1,"[0.11801990121603012, 0.8819801211357117]"
Malignant_62,img+mtf+gadf,3,1,1,"[1.6339668036380317e-06, 0.9999983310699463]"
Malignant_81,img+mtf+gadf,3,1,1,"[1.9756176698138006e-05, 0.9999802112579346]"
Malignant_84,img+mtf+gadf,3,1,1,"[0.005472652148455381, 0.994527280330658]"
Malignant_88,img+mtf+gadf,3,1,1,"[5.8228344812505384e-08, 1.0]"
Benign_10,img+mtf+gadf,4,0,0,"[0.9959728121757507, 0.0040271226316690445]"
Benign_14,img+mtf+gadf,4,0,0,"[0.9975855350494385, 0.0024144286289811134]"
Benign_17,img+mtf+gadf,4,0,0,"[0.9959017634391785, 0.004098296165466309]"
Benign_18,img+mtf+gadf,4,0,0,"[0.9602212309837341, 0.03977876529097557]"
Benign_27,img+mtf+gadf,4,0,0,"[0.7471534013748169, 0.2528465986251831]"
Benign_30,img+mtf+gadf,4,0,0,"[0.827835202217102, 0.17216485738754272]"
Benign_31,img+mtf+gadf,4,0,0,"[0.6016486883163452, 0.3983512818813324]"
Benign_33,img+mtf+gadf,4,0,0,"[0.9415532946586609, 0.05844676494598389]"
Benign_37,img+mtf+gadf,4,0,0,"[0.7050736546516418, 0.29492637515068054]"
Benign_42,img+mtf+gadf,4,0,0,"[0.9998822212219238, 0.00011780636850744486]"
Benign_46,img+mtf+gadf,4,0,0,"[0.9999974966049194, 2.5232452571799513e-06]"
Benign_47,img+mtf+gadf,4,0,0,"[0.9910455346107483, 0.008954494260251522]"
Benign_53,img+mtf+gadf,4,0,0,"[0.9998788833618164, 0.00012108068040106446]"
Benign_66,img+mtf+gadf,4,0,0,"[0.9987987279891968, 0.0012012285878881812]"
Benign_74,img+mtf+gadf,4,0,0,"[0.9921297430992126, 0.007870221510529518]"
Malignant_5,img+mtf+gadf,4,1,1,"[0.0010925625683739781, 0.9989074468612671]"
Malignant_12,img+mtf+gadf,4,1,1,"[0.0009536116849631071, 0.9990463852882385]"
Malignant_22,img+mtf+gadf,4,1,1,"[0.0157682653516531, 0.98423171043396]"
Malignant_23,img+mtf+gadf,4,1,1,"[1.4568659935321193e-05, 0.9999854564666748]"
Malignant_28,img+mtf+gadf,4,1,1,"[0.0010865496005862951, 0.9989134073257446]"
Malignant_30,img+mtf+gadf,4,1,1,"[6.082336767576635e-05, 0.9999392032623291]"
Malignant_33,img+mtf+gadf,4,1,1,"[0.0012323041446506977, 0.9987677335739136]"
Malignant_42,img+mtf+gadf,4,1,1,"[0.011403579264879227, 0.9885963797569275]"
Malignant_44,img+mtf+gadf,4,1,1,"[0.08833524584770203, 0.9116647243499756]"
Malignant_49,img+mtf+gadf,4,1,1,"[3.1660143577028066e-05, 0.9999682903289795]"
Malignant_52,img+mtf+gadf,4,1,1,"[0.010727944783866405, 0.9892721176147461]"
Malignant_61,img+mtf+gadf,4,1,1,"[0.04254510998725891, 0.9574549198150635]"
Malignant_63,img+mtf+gadf,4,1,1,"[0.0027615015860646963, 0.9972385168075562]"
Malignant_71,img+mtf+gadf,4,1,1,"[0.004505844786763191, 0.9954941272735596]"
Malignant_75,img+mtf+gadf,4,1,1,"[0.00023240747395902872, 0.9997676014900208]"
Malignant_79,img+mtf+gadf,4,1,1,"[0.00012409382907208055, 0.9998759031295776]"
Malignant_80,img+mtf+gadf,4,1,1,"[1.7706099242786877e-05, 0.9999822378158569]"
Malignant_85,img+mtf+gadf,4,1,1,"[0.0007499285857193172, 0.9992499947547913]"
Benign_2,img+mtf+gadf,5,0,0,"[1.0, 6.562747567606664e-10]"
Benign_6,img+mtf+gadf,5,0,0,"[0.9999821186065674, 1.7830559954745695e-05]"
Benign_11,img+mtf+gadf,5,0,0,"[0.995012104511261, 0.0049878559075295925]"
Benign_21,img+mtf+gadf,5,0,0,"[0.9989803433418274, 0.0010195747017860413]"
Benign_25,img+mtf+gadf,5,0,0,"[0.9534825682640076, 0.04651738330721855]"
Benign_45,img+mtf+gadf,5,0,0,"[0.998365581035614, 0.0016343831084668636]"
Benign_48,img+mtf+gadf,5,0,0,"[0.9455829858779907, 0.05441703274846077]"
Benign_55,img+mtf+gadf,5,0,0,"[0.9585564136505127, 0.04144362360239029]"
Benign_56,img+mtf+gadf,5,0,0,"[0.9984467625617981, 0.001553218113258481]"
Benign_59,img+mtf+gadf,5,0,0,"[0.9962887763977051, 0.003711222903802991]"
Benign_60,img+mtf+gadf,5,0,0,"[0.9981282353401184, 0.0018718214705586433]"
Benign_64,img+mtf+gadf,5,0,0,"[0.99845290184021, 0.001547132502309978]"
Benign_71,img+mtf+gadf,5,0,0,"[0.999997615814209, 2.4329606276296545e-06]"
Benign_72,img+mtf+gadf,5,0,0,"[0.9999970197677612, 3.031565029232297e-06]"
Malignant_3,img+mtf+gadf,5,1,1,"[0.3171119689941406, 0.6828880310058594]"
Malignant_7,img+mtf+gadf,5,1,0,"[0.5040428042411804, 0.49595722556114197]"
Malignant_16,img+mtf+gadf,5,1,0,"[0.7073820233345032, 0.29261794686317444]"
Malignant_18,img+mtf+gadf,5,1,0,"[0.7543331384658813, 0.24566681683063507]"
Malignant_24,img+mtf+gadf,5,1,1,"[0.016504507511854172, 0.9834955334663391]"
Malignant_25,img+mtf+gadf,5,1,1,"[0.24963581562042236, 0.7503641843795776]"
Malignant_29,img+mtf+gadf,5,1,1,"[0.1285434067249298, 0.8714565634727478]"
Malignant_38,img+mtf+gadf,5,1,1,"[0.3319699466228485, 0.6680300235748291]"
Malignant_39,img+mtf+gadf,5,1,1,"[0.03936517983675003, 0.9606348276138306]"
Malignant_40,img+mtf+gadf,5,1,1,"[0.2010178565979004, 0.7989821434020996]"
Malignant_43,img+mtf+gadf,5,1,1,"[0.262643963098526, 0.7373560667037964]"
Malignant_51,img+mtf+gadf,5,1,1,"[0.37881338596343994, 0.6211866140365601]"
Malignant_57,img+mtf+gadf,5,1,0,"[0.7836495637893677, 0.21635042130947113]"
Malignant_59,img+mtf+gadf,5,1,1,"[0.3562191426753998, 0.6437807679176331]"
Malignant_68,img+mtf+gadf,5,1,1,"[0.11204838007688522, 0.887951672077179]"
Malignant_73,img+mtf+gadf,5,1,0,"[0.5183811187744141, 0.4816189110279083]"
Malignant_89,img+mtf+gadf,5,1,0,"[0.6274593472480774, 0.3725406229496002]"
Malignant_90,img+mtf+gadf,5,1,0,"[0.6265685558319092, 0.3734314739704132]"
Malignant_91,img+mtf+gadf,5,1,1,"[0.28020644187927246, 0.7197935581207275]"
Benign_1,img+gasf+gadf,1,0,0,"[0.9999998807907104, 8.397572770491024e-08]"
Benign_4,img+gasf+gadf,1,0,0,"[0.9999970197677612, 2.9297316359588876e-06]"
Benign_7,img+gasf+gadf,1,0,0,"[0.9999992847442627, 7.193634132818261e-07]"
Benign_9,img+gasf+gadf,1,0,0,"[0.9999953508377075, 4.687327873398317e-06]"
Benign_13,img+gasf+gadf,1,0,0,"[0.8545900583267212, 0.1454099714756012]"
Benign_15,img+gasf+gadf,1,0,0,"[0.9322331547737122, 0.06776680052280426]"
Benign_26,img+gasf+gadf,1,0,0,"[0.725817084312439, 0.27418285608291626]"
Benign_36,img+gasf+gadf,1,0,0,"[0.8318283557891846, 0.16817165911197662]"
Benign_38,img+gasf+gadf,1,0,0,"[0.7897613644599915, 0.21023871004581451]"
Benign_41,img+gasf+gadf,1,0,0,"[0.988743782043457, 0.011256192810833454]"
Benign_43,img+gasf+gadf,1,0,0,"[0.5064681768417358, 0.49353185296058655]"
Benign_57,img+gasf+gadf,1,0,0,"[0.9944884777069092, 0.005511516239494085]"
Benign_65,img+gasf+gadf,1,0,0,"[0.9966436624526978, 0.003356329398229718]"
Benign_68,img+gasf+gadf,1,0,0,"[0.7655134201049805, 0.23448652029037476]"
Benign_73,img+gasf+gadf,1,0,0,"[0.9798924922943115, 0.02010750211775303]"
Malignant_6,img+gasf+gadf,1,1,1,"[0.0009036310366354883, 0.9990963935852051]"
Malignant_8,img+gasf+gadf,1,1,1,"[0.0028769553173333406, 0.9971230626106262]"
Malignant_15,img+gasf+gadf,1,1,1,"[0.004580260254442692, 0.9954197406768799]"
Malignant_17,img+gasf+gadf,1,1,1,"[0.01530090719461441, 0.9846990704536438]"
Malignant_19,img+gasf+gadf,1,1,1,"[0.03196362033486366, 0.9680363535881042]"
Malignant_20,img+gasf+gadf,1,1,1,"[0.06927133351564407, 0.9307286739349365]"
Malignant_32,img+gasf+gadf,1,1,1,"[0.009656858630478382, 0.9903430938720703]"
Malignant_35,img+gasf+gadf,1,1,1,"[0.03509378805756569, 0.9649062156677246]"
Malignant_46,img+gasf+gadf,1,1,1,"[0.00020315134315751493, 0.9997968077659607]"
Malignant_47,img+gasf+gadf,1,1,1,"[0.00437293853610754, 0.9956270456314087]"
Malignant_65,img+gasf+gadf,1,1,1,"[0.006811604835093021, 0.9931883811950684]"
Malignant_66,img+gasf+gadf,1,1,1,"[0.054440636187791824, 0.9455593228340149]"
Malignant_69,img+gasf+gadf,1,1,1,"[0.013132785446941853, 0.9868671894073486]"
Malignant_74,img+gasf+gadf,1,1,1,"[0.0025075520388782024, 0.9974924325942993]"
Malignant_76,img+gasf+gadf,1,1,1,"[0.011327449232339859, 0.9886725544929504]"
Malignant_77,img+gasf+gadf,1,1,1,"[0.003944833297282457, 0.9960551261901855]"
Malignant_78,img+gasf+gadf,1,1,1,"[0.04418328031897545, 0.9558167457580566]"
Malignant_82,img+gasf+gadf,1,1,1,"[0.0057870871387422085, 0.9942129254341125]"
Benign_3,img+gasf+gadf,2,0,0,"[0.9999793767929077, 2.0613098968169652e-05]"
Benign_5,img+gasf+gadf,2,0,0,"[0.9854416847229004, 0.014558300375938416]"
Benign_16,img+gasf+gadf,2,0,0,"[0.9996223449707031, 0.00037763899308629334]"
Benign_22,img+gasf+gadf,2,0,0,"[0.9211145639419556, 0.07888545840978622]"
Benign_32,img+gasf+gadf,2,0,0,"[0.9828799366950989, 0.01712009124457836]"
Benign_34,img+gasf+gadf,2,0,0,"[0.8167473673820496, 0.18325258791446686]"
Benign_39,img+gasf+gadf,2,0,0,"[0.9996471405029297, 0.0003528605157043785]"
Benign_49,img+gasf+gadf,2,0,0,"[0.9975845813751221, 0.00241542118601501]"
Benign_50,img+gasf+gadf,2,0,0,"[0.715761661529541, 0.28423836827278137]"
Benign_52,img+gasf+gadf,2,0,0,"[0.9999439716339111, 5.60820299142506e-05]"
Benign_54,img+gasf+gadf,2,0,0,"[0.9996800422668457, 0.00031997932819649577]"
Benign_62,img+gasf+gadf,2,0,0,"[1.0, 6.382261386050914e-09]"
Benign_67,img+gasf+gadf,2,0,0,"[0.6580396294593811, 0.3419604003429413]"
Benign_69,img+gasf+gadf,2,0,0,"[0.8746898174285889, 0.12531013786792755]"
Benign_70,img+gasf+gadf,2,0,0,"[0.9999985694885254, 1.4029492376721464e-06]"
Malignant_1,img+gasf+gadf,2,1,1,"[0.004224761854857206, 0.9957752823829651]"
Malignant_4,img+gasf+gadf,2,1,1,"[8.170782530214638e-05, 0.9999183416366577]"
Malignant_10,img+gasf+gadf,2,1,1,"[0.0012764247367158532, 0.998723566532135]"
Malignant_11,img+gasf+gadf,2,1,1,"[0.11003410816192627, 0.8899659514427185]"
Malignant_14,img+gasf+gadf,2,1,1,"[0.06356141716241837, 0.9364385604858398]"
Malignant_21,img+gasf+gadf,2,1,1,"[0.00013884846703149378, 0.9998611211776733]"
Malignant_31,img+gasf+gadf,2,1,1,"[9.911689994623885e-05, 0.9999008178710938]"
Malignant_34,img+gasf+gadf,2,1,1,"[0.009201141074299812, 0.990798830986023]"
Malignant_53,img+gasf+gadf,2,1,1,"[0.001469910959713161, 0.9985300302505493]"
Malignant_54,img+gasf+gadf,2,1,1,"[0.0010797592112794518, 0.9989203214645386]"
Malignant_60,img+gasf+gadf,2,1,1,"[0.00010443058999953791, 0.9998955726623535]"
Malignant_64,img+gasf+gadf,2,1,1,"[0.003268171800300479, 0.9967318773269653]"
Malignant_67,img+gasf+gadf,2,1,1,"[4.1282211782345257e-07, 0.9999996423721313]"
Malignant_70,img+gasf+gadf,2,1,1,"[7.163004920585081e-05, 0.99992835521698]"
Malignant_72,img+gasf+gadf,2,1,1,"[0.00027989697991870344, 0.99972003698349]"
Malignant_83,img+gasf+gadf,2,1,1,"[4.600406444676963e-10, 1.0]"
Malignant_86,img+gasf+gadf,2,1,1,"[4.11902874475345e-06, 0.9999958276748657]"
Malignant_87,img+gasf+gadf,2,1,1,"[2.559407766966615e-05, 0.9999743700027466]"
Benign_8,img+gasf+gadf,3,0,0,"[0.9851672053337097, 0.014832784421741962]"
Benign_12,img+gasf+gadf,3,0,0,"[0.9566044807434082, 0.04339548945426941]"
Benign_19,img+gasf+gadf,3,0,0,"[0.9215134382247925, 0.07848656177520752]"
Benign_20,img+gasf+gadf,3,0,0,"[0.7931763529777527, 0.20682363212108612]"
Benign_23,img+gasf+gadf,3,0,1,"[0.27653968334198, 0.7234602570533752]"
Benign_24,img+gasf+gadf,3,0,0,"[0.88462895154953, 0.11537106335163116]"
Benign_28,img+gasf+gadf,3,0,0,"[0.9434313178062439, 0.05656872317194939]"
Benign_29,img+gasf+gadf,3,0,0,"[0.9059261679649353, 0.0940738171339035]"
Benign_35,img+gasf+gadf,3,0,0,"[0.9985221028327942, 0.0014779712073504925]"
Benign_40,img+gasf+gadf,3,0,0,"[0.996354341506958, 0.00364572717808187]"
Benign_44,img+gasf+gadf,3,0,0,"[0.9882720112800598, 0.011727970093488693]"
Benign_51,img+gasf+gadf,3,0,0,"[0.8417230844497681, 0.15827691555023193]"
Benign_58,img+gasf+gadf,3,0,0,"[0.9989174604415894, 0.0010825347853824496]"
Benign_61,img+gasf+gadf,3,0,0,"[0.9981217980384827, 0.0018781509716063738]"
Benign_63,img+gasf+gadf,3,0,0,"[0.9917808175086975, 0.008219163864850998]"
Malignant_2,img+gasf+gadf,3,1,1,"[0.0028651116881519556, 0.9971349239349365]"
Malignant_9,img+gasf+gadf,3,1,1,"[0.0009759155218489468, 0.9990240335464478]"
Malignant_13,img+gasf+gadf,3,1,1,"[0.004377545788884163, 0.995622456073761]"
Malignant_26,img+gasf+gadf,3,1,1,"[0.0007297640549950302, 0.9992702603340149]"
Malignant_27,img+gasf+gadf,3,1,1,"[0.0906231552362442, 0.909376859664917]"
Malignant_36,img+gasf+gadf,3,1,1,"[1.0467007996339817e-05, 0.9999895095825195]"
Malignant_37,img+gasf+gadf,3,1,1,"[0.0001865472731878981, 0.9998134970664978]"
Malignant_41,img+gasf+gadf,3,1,1,"[2.7547404897632077e-05, 0.9999724626541138]"
Malignant_45,img+gasf+gadf,3,1,1,"[0.002797511639073491, 0.9972025156021118]"
Malignant_48,img+gasf+gadf,3,1,1,"[0.0030290931463241577, 0.9969708919525146]"
Malignant_50,img+gasf+gadf,3,1,1,"[0.004656002391129732, 0.9953439831733704]"
Malignant_55,img+gasf+gadf,3,1,1,"[0.0007804422057233751, 0.999219536781311]"
Malignant_56,img+gasf+gadf,3,1,1,"[0.0002449721214361489, 0.9997550845146179]"
Malignant_58,img+gasf+gadf,3,1,1,"[0.0006982137565501034, 0.9993017911911011]"
Malignant_62,img+gasf+gadf,3,1,1,"[8.48350282467436e-06, 0.9999915361404419]"
Malignant_81,img+gasf+gadf,3,1,1,"[9.507076015324856e-07, 0.9999990463256836]"
Malignant_84,img+gasf+gadf,3,1,1,"[3.1193281756713986e-05, 0.9999687671661377]"
Malignant_88,img+gasf+gadf,3,1,1,"[9.539772145217285e-05, 0.9999046325683594]"
Benign_10,img+gasf+gadf,4,0,0,"[0.999782383441925, 0.00021760707022622228]"
Benign_14,img+gasf+gadf,4,0,0,"[0.9833269715309143, 0.016673075035214424]"
Benign_17,img+gasf+gadf,4,0,0,"[0.942338228225708, 0.05766180157661438]"
Benign_18,img+gasf+gadf,4,0,0,"[0.9932377338409424, 0.006762271746993065]"
Benign_27,img+gasf+gadf,4,0,0,"[0.9981198906898499, 0.0018800765974447131]"
Benign_30,img+gasf+gadf,4,0,0,"[0.667944073677063, 0.332055926322937]"
Benign_31,img+gasf+gadf,4,0,0,"[0.8510710597038269, 0.1489289551973343]"
Benign_33,img+gasf+gadf,4,0,0,"[0.9945461750030518, 0.005453871563076973]"
Benign_37,img+gasf+gadf,4,0,0,"[0.8127595782279968, 0.18724040687084198]"
Benign_42,img+gasf+gadf,4,0,0,"[0.9994169473648071, 0.0005830245208926499]"
Benign_46,img+gasf+gadf,4,0,0,"[0.9990336894989014, 0.0009663311648182571]"
Benign_47,img+gasf+gadf,4,0,0,"[0.9844382405281067, 0.015561694279313087]"
Benign_53,img+gasf+gadf,4,0,0,"[0.9996857643127441, 0.000314269564114511]"
Benign_66,img+gasf+gadf,4,0,0,"[0.9852238893508911, 0.014776117168366909]"
Benign_74,img+gasf+gadf,4,0,0,"[0.9996293783187866, 0.0003705544804688543]"
Malignant_5,img+gasf+gadf,4,1,1,"[0.01821998879313469, 0.9817799925804138]"
Malignant_12,img+gasf+gadf,4,1,1,"[0.03495798632502556, 0.965041995048523]"
Malignant_22,img+gasf+gadf,4,1,1,"[0.33914700150489807, 0.6608529686927795]"
Malignant_23,img+gasf+gadf,4,1,1,"[0.012796590104699135, 0.9872034192085266]"
Malignant_28,img+gasf+gadf,4,1,1,"[0.041517436504364014, 0.958482563495636]"
Malignant_30,img+gasf+gadf,4,1,1,"[0.0005931505002081394, 0.9994068145751953]"
Malignant_33,img+gasf+gadf,4,1,1,"[0.38618746399879456, 0.6138125061988831]"
Malignant_42,img+gasf+gadf,4,1,1,"[0.003330194391310215, 0.9966698288917542]"
Malignant_44,img+gasf+gadf,4,1,1,"[0.06789930164813995, 0.9321007132530212]"
Malignant_49,img+gasf+gadf,4,1,1,"[0.0008017069194465876, 0.9991982579231262]"
Malignant_52,img+gasf+gadf,4,1,1,"[0.06203136220574379, 0.9379686117172241]"
Malignant_61,img+gasf+gadf,4,1,1,"[0.49453452229499817, 0.5054653882980347]"
Malignant_63,img+gasf+gadf,4,1,1,"[0.07477258890867233, 0.9252274632453918]"
Malignant_71,img+gasf+gadf,4,1,1,"[0.22580038011074066, 0.7741996645927429]"
Malignant_75,img+gasf+gadf,4,1,1,"[0.06031152978539467, 0.9396884441375732]"
Malignant_79,img+gasf+gadf,4,1,1,"[0.004020655993372202, 0.9959793090820312]"
Malignant_80,img+gasf+gadf,4,1,1,"[0.13825386762619019, 0.8617461323738098]"
Malignant_85,img+gasf+gadf,4,1,1,"[0.0057676685974001884, 0.9942323565483093]"
Benign_2,img+gasf+gadf,5,0,0,"[1.0, 2.932641629538324e-10]"
Benign_6,img+gasf+gadf,5,0,0,"[1.0, 1.1455042248087466e-08]"
Benign_11,img+gasf+gadf,5,0,0,"[1.0, 4.399534903054558e-11]"
Benign_21,img+gasf+gadf,5,0,0,"[1.0, 4.6049665816672025e-12]"
Benign_25,img+gasf+gadf,5,0,0,"[0.6368158459663391, 0.36318421363830566]"
Benign_45,img+gasf+gadf,5,0,0,"[0.9998574256896973, 0.00014258691226132214]"
Benign_48,img+gasf+gadf,5,0,0,"[0.9983981251716614, 0.0016019142931327224]"
Benign_55,img+gasf+gadf,5,0,0,"[1.0, 6.054567514013343e-09]"
Benign_56,img+gasf+gadf,5,0,0,"[0.8083105683326721, 0.19168943166732788]"
Benign_59,img+gasf+gadf,5,0,0,"[1.0, 2.979474800213211e-08]"
Benign_60,img+gasf+gadf,5,0,0,"[1.0, 2.6770672789666605e-08]"
Benign_64,img+gasf+gadf,5,0,0,"[0.9995157718658447, 0.00048422464169561863]"
Benign_71,img+gasf+gadf,5,0,0,"[1.0, 2.5748935428282493e-08]"
Benign_72,img+gasf+gadf,5,0,0,"[1.0, 2.473475291253635e-08]"
Malignant_3,img+gasf+gadf,5,1,1,"[0.015601778402924538, 0.9843983054161072]"
Malignant_7,img+gasf+gadf,5,1,1,"[0.17572236061096191, 0.8242775797843933]"
Malignant_16,img+gasf+gadf,5,1,0,"[0.945455014705658, 0.05454496666789055]"
Malignant_18,img+gasf+gadf,5,1,0,"[0.7124620676040649, 0.28753799200057983]"
Malignant_24,img+gasf+gadf,5,1,0,"[0.8767920732498169, 0.12320800125598907]"
Malignant_25,img+gasf+gadf,5,1,1,"[0.018368197605013847, 0.9816317558288574]"
Malignant_29,img+gasf+gadf,5,1,1,"[0.08424857258796692, 0.9157513976097107]"
Malignant_38,img+gasf+gadf,5,1,1,"[0.018579132854938507, 0.9814208149909973]"
Malignant_39,img+gasf+gadf,5,1,0,"[0.5739632844924927, 0.4260367155075073]"
Malignant_40,img+gasf+gadf,5,1,1,"[0.0006762983975932002, 0.9993237257003784]"
Malignant_43,img+gasf+gadf,5,1,1,"[0.397143691778183, 0.6028562784194946]"
Malignant_51,img+gasf+gadf,5,1,1,"[0.32554933428764343, 0.6744506359100342]"
Malignant_57,img+gasf+gadf,5,1,0,"[0.5299742817878723, 0.4700257480144501]"
Malignant_59,img+gasf+gadf,5,1,0,"[0.8833136558532715, 0.1166863963007927]"
Malignant_68,img+gasf+gadf,5,1,1,"[0.26840299367904663, 0.7315970659255981]"
Malignant_73,img+gasf+gadf,5,1,0,"[0.5326261520385742, 0.4673738479614258]"
Malignant_89,img+gasf+gadf,5,1,1,"[0.3415117561817169, 0.6584882140159607]"
Malignant_90,img+gasf+gadf,5,1,0,"[0.619637131690979, 0.3803628087043762]"
Malignant_91,img+gasf+gadf,5,1,1,"[0.08373842388391495, 0.9162615537643433]"
Benign_1,img+recplot+mtf+gasf,1,0,0,"[0.9994812607765198, 0.0005188094219192863]"
Benign_4,img+recplot+mtf+gasf,1,0,0,"[0.9997887015342712, 0.00021128274966031313]"
Benign_7,img+recplot+mtf+gasf,1,0,0,"[0.9999116659164429, 8.834881737129763e-05]"
Benign_9,img+recplot+mtf+gasf,1,0,0,"[0.9874488711357117, 0.012551178224384785]"
Benign_13,img+recplot+mtf+gasf,1,0,0,"[0.9699381589889526, 0.030061885714530945]"
Benign_15,img+recplot+mtf+gasf,1,0,0,"[0.9921636581420898, 0.007836349308490753]"
Benign_26,img+recplot+mtf+gasf,1,0,0,"[0.9982842803001404, 0.0017157086404040456]"
Benign_36,img+recplot+mtf+gasf,1,0,0,"[0.9996055960655212, 0.0003944616764783859]"
Benign_38,img+recplot+mtf+gasf,1,0,0,"[0.98553466796875, 0.014465284533798695]"
Benign_41,img+recplot+mtf+gasf,1,0,0,"[0.9991629123687744, 0.0008370452560484409]"
Benign_43,img+recplot+mtf+gasf,1,0,0,"[0.9850109219551086, 0.014989129267632961]"
Benign_57,img+recplot+mtf+gasf,1,0,0,"[0.8871113061904907, 0.11288867890834808]"
Benign_65,img+recplot+mtf+gasf,1,0,0,"[0.9984917640686035, 0.001508216024376452]"
Benign_68,img+recplot+mtf+gasf,1,0,0,"[0.997405469417572, 0.002594487275928259]"
Benign_73,img+recplot+mtf+gasf,1,0,0,"[0.9875556826591492, 0.012444349005818367]"
Malignant_6,img+recplot+mtf+gasf,1,1,1,"[0.2290862649679184, 0.7709137201309204]"
Malignant_8,img+recplot+mtf+gasf,1,1,1,"[0.2512235641479492, 0.7487764358520508]"
Malignant_15,img+recplot+mtf+gasf,1,1,1,"[0.043202634900808334, 0.9567973613739014]"
Malignant_17,img+recplot+mtf+gasf,1,1,1,"[0.030573667958378792, 0.9694263339042664]"
Malignant_19,img+recplot+mtf+gasf,1,1,1,"[0.03631395474076271, 0.9636861085891724]"
Malignant_20,img+recplot+mtf+gasf,1,1,1,"[0.36007553339004517, 0.6399244666099548]"
Malignant_32,img+recplot+mtf+gasf,1,1,1,"[0.014947612769901752, 0.9850524067878723]"
Malignant_35,img+recplot+mtf+gasf,1,1,1,"[0.02248871885240078, 0.9775112867355347]"
Malignant_46,img+recplot+mtf+gasf,1,1,1,"[0.002363294828683138, 0.9976366758346558]"
Malignant_47,img+recplot+mtf+gasf,1,1,1,"[0.047707799822092056, 0.9522922039031982]"
Malignant_65,img+recplot+mtf+gasf,1,1,1,"[0.001060987007804215, 0.9989389777183533]"
Malignant_66,img+recplot+mtf+gasf,1,1,1,"[0.0010746190091595054, 0.9989253878593445]"
Malignant_69,img+recplot+mtf+gasf,1,1,1,"[0.0046295952051877975, 0.9953704476356506]"
Malignant_74,img+recplot+mtf+gasf,1,1,1,"[0.00044303006143309176, 0.9995569586753845]"
Malignant_76,img+recplot+mtf+gasf,1,1,1,"[0.00045032158959656954, 0.9995496869087219]"
Malignant_77,img+recplot+mtf+gasf,1,1,1,"[0.13165520131587982, 0.8683447241783142]"
Malignant_78,img+recplot+mtf+gasf,1,1,1,"[0.0032670069485902786, 0.9967330694198608]"
Malignant_82,img+recplot+mtf+gasf,1,1,1,"[0.042958687990903854, 0.957041323184967]"
Benign_3,img+recplot+mtf+gasf,2,0,0,"[0.9959293007850647, 0.004070643801242113]"
Benign_5,img+recplot+mtf+gasf,2,0,0,"[0.7431042194366455, 0.2568957209587097]"
Benign_16,img+recplot+mtf+gasf,2,0,0,"[0.9999641180038452, 3.593517976696603e-05]"
Benign_22,img+recplot+mtf+gasf,2,0,0,"[0.9642070531845093, 0.03579292818903923]"
Benign_32,img+recplot+mtf+gasf,2,0,0,"[0.9987810254096985, 0.0012189348926767707]"
Benign_34,img+recplot+mtf+gasf,2,0,0,"[0.8437796831130981, 0.15622031688690186]"
Benign_39,img+recplot+mtf+gasf,2,0,0,"[0.6226049661636353, 0.37739506363868713]"
Benign_49,img+recplot+mtf+gasf,2,0,0,"[0.9991167187690735, 0.0008832629537209868]"
Benign_50,img+recplot+mtf+gasf,2,0,0,"[0.6793306469917297, 0.3206693232059479]"
Benign_52,img+recplot+mtf+gasf,2,0,0,"[0.9973243474960327, 0.002675615716725588]"
Benign_54,img+recplot+mtf+gasf,2,0,0,"[0.9038565754890442, 0.09614339470863342]"
Benign_62,img+recplot+mtf+gasf,2,0,0,"[0.9999192953109741, 8.070593321463093e-05]"
Benign_67,img+recplot+mtf+gasf,2,0,0,"[0.9587530493736267, 0.04124695807695389]"
Benign_69,img+recplot+mtf+gasf,2,0,0,"[0.9214044213294983, 0.07859554141759872]"
Benign_70,img+recplot+mtf+gasf,2,0,0,"[0.9999998807907104, 1.4570981932138238e-07]"
Malignant_1,img+recplot+mtf+gasf,2,1,0,"[0.6405661106109619, 0.3594338297843933]"
Malignant_4,img+recplot+mtf+gasf,2,1,1,"[0.005396893247961998, 0.9946030974388123]"
Malignant_10,img+recplot+mtf+gasf,2,1,1,"[0.17844077944755554, 0.8215592503547668]"
Malignant_11,img+recplot+mtf+gasf,2,1,1,"[0.2708447277545929, 0.7291553020477295]"
Malignant_14,img+recplot+mtf+gasf,2,1,1,"[0.49220165610313416, 0.5077983140945435]"
Malignant_21,img+recplot+mtf+gasf,2,1,1,"[0.022087879478931427, 0.9779120683670044]"
Malignant_31,img+recplot+mtf+gasf,2,1,1,"[0.0032414542511105537, 0.9967585206031799]"
Malignant_34,img+recplot+mtf+gasf,2,1,1,"[0.18945546448230743, 0.810544490814209]"
Malignant_53,img+recplot+mtf+gasf,2,1,1,"[0.0006249079597182572, 0.9993751645088196]"
Malignant_54,img+recplot+mtf+gasf,2,1,1,"[0.003954978659749031, 0.996044933795929]"
Malignant_60,img+recplot+mtf+gasf,2,1,1,"[0.41414982080459595, 0.585850179195404]"
Malignant_64,img+recplot+mtf+gasf,2,1,1,"[0.00038058360223658383, 0.9996193647384644]"
Malignant_67,img+recplot+mtf+gasf,2,1,1,"[0.0035462710075080395, 0.9964537620544434]"
Malignant_70,img+recplot+mtf+gasf,2,1,1,"[0.04827134311199188, 0.9517287015914917]"
Malignant_72,img+recplot+mtf+gasf,2,1,1,"[0.08697997033596039, 0.9130200147628784]"
Malignant_83,img+recplot+mtf+gasf,2,1,1,"[0.03362041711807251, 0.9663796424865723]"
Malignant_86,img+recplot+mtf+gasf,2,1,1,"[0.028842108324170113, 0.9711578488349915]"
Malignant_87,img+recplot+mtf+gasf,2,1,1,"[0.006039430852979422, 0.9939606189727783]"
Benign_8,img+recplot+mtf+gasf,3,0,0,"[0.9680270552635193, 0.0319729782640934]"
Benign_12,img+recplot+mtf+gasf,3,0,0,"[0.9000977873802185, 0.0999022126197815]"
Benign_19,img+recplot+mtf+gasf,3,0,0,"[0.9268316626548767, 0.07316834479570389]"
Benign_20,img+recplot+mtf+gasf,3,0,0,"[0.9676687121391296, 0.03233124315738678]"
Benign_23,img+recplot+mtf+gasf,3,0,1,"[0.19020803272724152, 0.8097919225692749]"
Benign_24,img+recplot+mtf+gasf,3,0,0,"[0.8550026416778564, 0.14499732851982117]"
Benign_28,img+recplot+mtf+gasf,3,0,1,"[0.44125881791114807, 0.5587411522865295]"
Benign_29,img+recplot+mtf+gasf,3,0,0,"[0.5662685036659241, 0.43373143672943115]"
Benign_35,img+recplot+mtf+gasf,3,0,0,"[0.9934661984443665, 0.006533777806907892]"
Benign_40,img+recplot+mtf+gasf,3,0,0,"[0.9122480750083923, 0.08775196224451065]"
Benign_44,img+recplot+mtf+gasf,3,0,0,"[0.9173511862754822, 0.0826488509774208]"
Benign_51,img+recplot+mtf+gasf,3,0,0,"[0.6827261447906494, 0.31727394461631775]"
Benign_58,img+recplot+mtf+gasf,3,0,0,"[0.8219200968742371, 0.17807984352111816]"
Benign_61,img+recplot+mtf+gasf,3,0,0,"[0.8855106234550476, 0.1144893690943718]"
Benign_63,img+recplot+mtf+gasf,3,0,0,"[0.9515684843063354, 0.048431579023599625]"
Malignant_2,img+recplot+mtf+gasf,3,1,1,"[0.012003160081803799, 0.9879968762397766]"
Malignant_9,img+recplot+mtf+gasf,3,1,1,"[0.31473734974861145, 0.6852626800537109]"
Malignant_13,img+recplot+mtf+gasf,3,1,1,"[0.16901326179504395, 0.8309866786003113]"
Malignant_26,img+recplot+mtf+gasf,3,1,1,"[0.05054052174091339, 0.949459433555603]"
Malignant_27,img+recplot+mtf+gasf,3,1,1,"[0.4274878203868866, 0.572512149810791]"
Malignant_36,img+recplot+mtf+gasf,3,1,1,"[0.07169487327337265, 0.9283051490783691]"
Malignant_37,img+recplot+mtf+gasf,3,1,1,"[6.542263145092875e-05, 0.9999345541000366]"
Malignant_41,img+recplot+mtf+gasf,3,1,1,"[0.025606680661439896, 0.974393367767334]"
Malignant_45,img+recplot+mtf+gasf,3,1,1,"[0.018917562440037727, 0.9810824394226074]"
Malignant_48,img+recplot+mtf+gasf,3,1,1,"[0.010064922273159027, 0.9899351000785828]"
Malignant_50,img+recplot+mtf+gasf,3,1,1,"[0.2174936830997467, 0.7825063467025757]"
Malignant_55,img+recplot+mtf+gasf,3,1,1,"[0.003326948033645749, 0.9966729879379272]"
Malignant_56,img+recplot+mtf+gasf,3,1,1,"[0.0064506749622523785, 0.9935492873191833]"
Malignant_58,img+recplot+mtf+gasf,3,1,1,"[0.19771970808506012, 0.8022803664207458]"
Malignant_62,img+recplot+mtf+gasf,3,1,1,"[0.006581448949873447, 0.9934185743331909]"
Malignant_81,img+recplot+mtf+gasf,3,1,1,"[0.0006676363409496844, 0.9993323683738708]"
Malignant_84,img+recplot+mtf+gasf,3,1,1,"[0.004595385864377022, 0.9954046010971069]"
Malignant_88,img+recplot+mtf+gasf,3,1,1,"[0.0006216620095074177, 0.9993783235549927]"
Benign_10,img+recplot+mtf+gasf,4,0,0,"[0.9989513158798218, 0.001048628007993102]"
Benign_14,img+recplot+mtf+gasf,4,0,1,"[0.40650784969329834, 0.5934921503067017]"
Benign_17,img+recplot+mtf+gasf,4,0,0,"[0.9553427696228027, 0.04465726763010025]"
Benign_18,img+recplot+mtf+gasf,4,0,0,"[0.973205029964447, 0.026794908568263054]"
Benign_27,img+recplot+mtf+gasf,4,0,0,"[0.9876377582550049, 0.012362295761704445]"
Benign_30,img+recplot+mtf+gasf,4,0,0,"[0.7586309313774109, 0.24136903882026672]"
Benign_31,img+recplot+mtf+gasf,4,0,0,"[0.7454255819320679, 0.25457438826560974]"
Benign_33,img+recplot+mtf+gasf,4,0,0,"[0.9999998807907104, 1.3429396972242102e-07]"
Benign_37,img+recplot+mtf+gasf,4,0,1,"[0.02385067753493786, 0.9761493802070618]"
Benign_42,img+recplot+mtf+gasf,4,0,0,"[0.9723329544067383, 0.027667108923196793]"
Benign_46,img+recplot+mtf+gasf,4,0,0,"[0.9922480583190918, 0.0077519784681499004]"
Benign_47,img+recplot+mtf+gasf,4,0,0,"[0.8890267014503479, 0.1109732910990715]"
Benign_53,img+recplot+mtf+gasf,4,0,0,"[0.8883713483810425, 0.1116287112236023]"
Benign_66,img+recplot+mtf+gasf,4,0,0,"[0.9175439476966858, 0.0824560597538948]"
Benign_74,img+recplot+mtf+gasf,4,0,0,"[0.8918999433517456, 0.10810000449419022]"
Malignant_5,img+recplot+mtf+gasf,4,1,1,"[0.14649377763271332, 0.8535062074661255]"
Malignant_12,img+recplot+mtf+gasf,4,1,1,"[0.04368799179792404, 0.9563120007514954]"
Malignant_22,img+recplot+mtf+gasf,4,1,1,"[0.2954821288585663, 0.7045178413391113]"
Malignant_23,img+recplot+mtf+gasf,4,1,1,"[0.006048522889614105, 0.9939515590667725]"
Malignant_28,img+recplot+mtf+gasf,4,1,1,"[0.09178785979747772, 0.9082121253013611]"
Malignant_30,img+recplot+mtf+gasf,4,1,1,"[0.0013198935193940997, 0.998680055141449]"
Malignant_33,img+recplot+mtf+gasf,4,1,1,"[0.013822749257087708, 0.9861772656440735]"
Malignant_42,img+recplot+mtf+gasf,4,1,1,"[0.02594524249434471, 0.974054753780365]"
Malignant_44,img+recplot+mtf+gasf,4,1,1,"[0.07788724452257156, 0.922112762928009]"
Malignant_49,img+recplot+mtf+gasf,4,1,1,"[0.006609097123146057, 0.9933909177780151]"
Malignant_52,img+recplot+mtf+gasf,4,1,1,"[0.43732231855392456, 0.5626776814460754]"
Malignant_61,img+recplot+mtf+gasf,4,1,1,"[0.0083242766559124, 0.9916757345199585]"
Malignant_63,img+recplot+mtf+gasf,4,1,1,"[0.009863249957561493, 0.9901367425918579]"
Malignant_71,img+recplot+mtf+gasf,4,1,1,"[0.034979384392499924, 0.9650206565856934]"
Malignant_75,img+recplot+mtf+gasf,4,1,1,"[0.00026163572329096496, 0.9997383952140808]"
Malignant_79,img+recplot+mtf+gasf,4,1,1,"[0.02015531249344349, 0.9798446893692017]"
Malignant_80,img+recplot+mtf+gasf,4,1,1,"[0.012673091143369675, 0.9873269200325012]"
Malignant_85,img+recplot+mtf+gasf,4,1,1,"[0.008252565748989582, 0.9917473793029785]"
Benign_2,img+recplot+mtf+gasf,5,0,0,"[0.9999271631240845, 7.288032793439925e-05]"
Benign_6,img+recplot+mtf+gasf,5,0,0,"[0.8245680928230286, 0.17543189227581024]"
Benign_11,img+recplot+mtf+gasf,5,0,0,"[0.998928964138031, 0.00107097951695323]"
Benign_21,img+recplot+mtf+gasf,5,0,0,"[0.8618988394737244, 0.13810116052627563]"
Benign_25,img+recplot+mtf+gasf,5,0,1,"[0.2614929974079132, 0.7385070323944092]"
Benign_45,img+recplot+mtf+gasf,5,0,0,"[0.9919722080230713, 0.008027797564864159]"
Benign_48,img+recplot+mtf+gasf,5,0,0,"[0.8143095374107361, 0.1856904774904251]"
Benign_55,img+recplot+mtf+gasf,5,0,1,"[0.26363998651504517, 0.7363600134849548]"
Benign_56,img+recplot+mtf+gasf,5,0,1,"[0.3304019868373871, 0.6695979833602905]"
Benign_59,img+recplot+mtf+gasf,5,0,0,"[0.9190475344657898, 0.0809524655342102]"
Benign_60,img+recplot+mtf+gasf,5,0,0,"[0.7470958232879639, 0.25290417671203613]"
Benign_64,img+recplot+mtf+gasf,5,0,0,"[0.9034922122955322, 0.09650778770446777]"
Benign_71,img+recplot+mtf+gasf,5,0,0,"[0.9992339611053467, 0.0007660745177417994]"
Benign_72,img+recplot+mtf+gasf,5,0,0,"[0.9912812113761902, 0.008718833327293396]"
Malignant_3,img+recplot+mtf+gasf,5,1,1,"[0.008652869611978531, 0.9913471341133118]"
Malignant_7,img+recplot+mtf+gasf,5,1,1,"[0.4017220437526703, 0.5982779860496521]"
Malignant_16,img+recplot+mtf+gasf,5,1,1,"[0.00965664442628622, 0.9903433322906494]"
Malignant_18,img+recplot+mtf+gasf,5,1,1,"[0.028858257457613945, 0.9711417555809021]"
Malignant_24,img+recplot+mtf+gasf,5,1,1,"[0.021918395534157753, 0.9780816435813904]"
Malignant_25,img+recplot+mtf+gasf,5,1,1,"[0.037535250186920166, 0.9624647498130798]"
Malignant_29,img+recplot+mtf+gasf,5,1,1,"[0.046969883143901825, 0.9530301094055176]"
Malignant_38,img+recplot+mtf+gasf,5,1,1,"[0.04949142411351204, 0.9505085945129395]"
Malignant_39,img+recplot+mtf+gasf,5,1,1,"[0.00917944498360157, 0.990820586681366]"
Malignant_40,img+recplot+mtf+gasf,5,1,1,"[0.041797805577516556, 0.9582021832466125]"
Malignant_43,img+recplot+mtf+gasf,5,1,1,"[0.017771348357200623, 0.9822286367416382]"
Malignant_51,img+recplot+mtf+gasf,5,1,1,"[0.008840073831379414, 0.991159975528717]"
Malignant_57,img+recplot+mtf+gasf,5,1,1,"[0.19856718182563782, 0.8014328479766846]"
Malignant_59,img+recplot+mtf+gasf,5,1,1,"[0.0012431027134880424, 0.9987568855285645]"
Malignant_68,img+recplot+mtf+gasf,5,1,1,"[0.017216593027114868, 0.9827834367752075]"
Malignant_73,img+recplot+mtf+gasf,5,1,1,"[0.033430714160203934, 0.9665692448616028]"
Malignant_89,img+recplot+mtf+gasf,5,1,1,"[0.002885133260861039, 0.997114896774292]"
Malignant_90,img+recplot+mtf+gasf,5,1,1,"[0.004135414958000183, 0.9958646297454834]"
Malignant_91,img+recplot+mtf+gasf,5,1,1,"[0.001614785403944552, 0.9983851909637451]"
Benign_1,img+recplot+mtf+gadf,1,0,0,"[0.9979491829872131, 0.002050775568932295]"
Benign_4,img+recplot+mtf+gadf,1,0,0,"[0.9994196891784668, 0.0005803112289868295]"
Benign_7,img+recplot+mtf+gadf,1,0,0,"[0.9498377442359924, 0.050162289291620255]"
Benign_9,img+recplot+mtf+gadf,1,0,0,"[0.9994202852249146, 0.0005797211197204888]"
Benign_13,img+recplot+mtf+gadf,1,0,1,"[0.2069074660539627, 0.7930925488471985]"
Benign_15,img+recplot+mtf+gadf,1,0,0,"[0.8384431004524231, 0.1615569293498993]"
Benign_26,img+recplot+mtf+gadf,1,0,0,"[0.8249039053916931, 0.17509609460830688]"
Benign_36,img+recplot+mtf+gadf,1,0,0,"[0.9697157144546509, 0.03028428740799427]"
Benign_38,img+recplot+mtf+gadf,1,0,1,"[0.43857285380363464, 0.5614271759986877]"
Benign_41,img+recplot+mtf+gadf,1,0,0,"[0.9990559220314026, 0.0009440540452487767]"
Benign_43,img+recplot+mtf+gadf,1,0,1,"[0.09064076095819473, 0.9093592166900635]"
Benign_57,img+recplot+mtf+gadf,1,0,0,"[0.9995288848876953, 0.0004710955545306206]"
Benign_65,img+recplot+mtf+gadf,1,0,0,"[0.9999330043792725, 6.696312630083412e-05]"
Benign_68,img+recplot+mtf+gadf,1,0,0,"[0.7875143885612488, 0.2124856561422348]"
Benign_73,img+recplot+mtf+gadf,1,0,0,"[0.9916021227836609, 0.008397851139307022]"
Malignant_6,img+recplot+mtf+gadf,1,1,1,"[0.0104439128190279, 0.9895560145378113]"
Malignant_8,img+recplot+mtf+gadf,1,1,1,"[0.0020467638969421387, 0.9979531764984131]"
Malignant_15,img+recplot+mtf+gadf,1,1,1,"[0.001690814271569252, 0.9983091354370117]"
Malignant_17,img+recplot+mtf+gadf,1,1,1,"[0.032146282494068146, 0.9678537249565125]"
Malignant_19,img+recplot+mtf+gadf,1,1,1,"[0.010098363272845745, 0.9899016618728638]"
Malignant_20,img+recplot+mtf+gadf,1,1,1,"[0.00024176559236366302, 0.9997581839561462]"
Malignant_32,img+recplot+mtf+gadf,1,1,1,"[0.0004216484376229346, 0.9995782971382141]"
Malignant_35,img+recplot+mtf+gadf,1,1,1,"[0.00012396775127854198, 0.9998760223388672]"
Malignant_46,img+recplot+mtf+gadf,1,1,1,"[0.00024101555754896253, 0.9997590184211731]"
Malignant_47,img+recplot+mtf+gadf,1,1,1,"[0.0005941411945968866, 0.9994058609008789]"
Malignant_65,img+recplot+mtf+gadf,1,1,1,"[5.376359695219435e-05, 0.9999462366104126]"
Malignant_66,img+recplot+mtf+gadf,1,1,1,"[0.01784135028719902, 0.9821586012840271]"
Malignant_69,img+recplot+mtf+gadf,1,1,1,"[0.013582436367869377, 0.9864175319671631]"
Malignant_74,img+recplot+mtf+gadf,1,1,1,"[3.481243766145781e-05, 0.9999651908874512]"
Malignant_76,img+recplot+mtf+gadf,1,1,1,"[5.2642080845544115e-05, 0.9999473094940186]"
Malignant_77,img+recplot+mtf+gadf,1,1,1,"[0.00024296560150105506, 0.9997569918632507]"
Malignant_78,img+recplot+mtf+gadf,1,1,1,"[3.021843895112397e-07, 0.9999996423721313]"
Malignant_82,img+recplot+mtf+gadf,1,1,1,"[4.303214609535644e-06, 0.9999957084655762]"
Benign_3,img+recplot+mtf+gadf,2,0,1,"[0.4140433371067047, 0.5859566926956177]"
Benign_5,img+recplot+mtf+gadf,2,0,1,"[0.003639963688328862, 0.9963600039482117]"
Benign_16,img+recplot+mtf+gadf,2,0,0,"[0.9445362687110901, 0.05546373128890991]"
Benign_22,img+recplot+mtf+gadf,2,0,1,"[0.19408385455608368, 0.8059161305427551]"
Benign_32,img+recplot+mtf+gadf,2,0,0,"[0.9261566996574402, 0.07384327799081802]"
Benign_34,img+recplot+mtf+gadf,2,0,1,"[0.008467650040984154, 0.9915323853492737]"
Benign_39,img+recplot+mtf+gadf,2,0,1,"[0.34405216574668884, 0.6559478044509888]"
Benign_49,img+recplot+mtf+gadf,2,0,0,"[0.8040060997009277, 0.19599394500255585]"
Benign_50,img+recplot+mtf+gadf,2,0,1,"[0.27577632665634155, 0.7242236733436584]"
Benign_52,img+recplot+mtf+gadf,2,0,1,"[0.3137769103050232, 0.6862230896949768]"
Benign_54,img+recplot+mtf+gadf,2,0,1,"[0.25049203634262085, 0.7495079040527344]"
Benign_62,img+recplot+mtf+gadf,2,0,0,"[0.9976352453231812, 0.0023647365160286427]"
Benign_67,img+recplot+mtf+gadf,2,0,1,"[0.33511221408843994, 0.6648877859115601]"
Benign_69,img+recplot+mtf+gadf,2,0,1,"[0.18552538752555847, 0.8144746422767639]"
Benign_70,img+recplot+mtf+gadf,2,0,0,"[0.999016284942627, 0.0009837581310421228]"
Malignant_1,img+recplot+mtf+gadf,2,1,1,"[0.25617092847824097, 0.743829071521759]"
Malignant_4,img+recplot+mtf+gadf,2,1,1,"[0.004056479316204786, 0.9959434866905212]"
Malignant_10,img+recplot+mtf+gadf,2,1,1,"[0.0007771978271193802, 0.9992227554321289]"
Malignant_11,img+recplot+mtf+gadf,2,1,1,"[0.010235682129859924, 0.9897643327713013]"
Malignant_14,img+recplot+mtf+gadf,2,1,1,"[0.028317539021372795, 0.9716824889183044]"
Malignant_21,img+recplot+mtf+gadf,2,1,1,"[0.0003375016094651073, 0.9996625185012817]"
Malignant_31,img+recplot+mtf+gadf,2,1,1,"[1.2265929854038404e-06, 0.9999988079071045]"
Malignant_34,img+recplot+mtf+gadf,2,1,1,"[4.9098463932750747e-05, 0.9999508857727051]"
Malignant_53,img+recplot+mtf+gadf,2,1,1,"[2.3680451704422012e-05, 0.9999762773513794]"
Malignant_54,img+recplot+mtf+gadf,2,1,1,"[0.008534770458936691, 0.9914652705192566]"
Malignant_60,img+recplot+mtf+gadf,2,1,1,"[1.7127651517512277e-05, 0.9999828338623047]"
Malignant_64,img+recplot+mtf+gadf,2,1,1,"[1.766292734828312e-05, 0.9999823570251465]"
Malignant_67,img+recplot+mtf+gadf,2,1,1,"[4.1864686863846146e-06, 0.9999958276748657]"
Malignant_70,img+recplot+mtf+gadf,2,1,1,"[5.954822700005025e-05, 0.9999403953552246]"
Malignant_72,img+recplot+mtf+gadf,2,1,1,"[0.002082970691844821, 0.9979169964790344]"
Malignant_83,img+recplot+mtf+gadf,2,1,1,"[5.511841663974337e-06, 0.9999945163726807]"
Malignant_86,img+recplot+mtf+gadf,2,1,1,"[4.5152361849432054e-07, 0.9999995231628418]"
Malignant_87,img+recplot+mtf+gadf,2,1,1,"[0.002029336988925934, 0.9979706406593323]"
Benign_8,img+recplot+mtf+gadf,3,0,0,"[0.9349481463432312, 0.06505190581083298]"
Benign_12,img+recplot+mtf+gadf,3,0,0,"[0.9746739268302917, 0.025326073169708252]"
Benign_19,img+recplot+mtf+gadf,3,0,0,"[0.999528169631958, 0.00047185891889967024]"
Benign_20,img+recplot+mtf+gadf,3,0,0,"[0.8642539381980896, 0.13574600219726562]"
Benign_23,img+recplot+mtf+gadf,3,0,1,"[0.3368038833141327, 0.6631962060928345]"
Benign_24,img+recplot+mtf+gadf,3,0,0,"[0.7101911902427673, 0.28980880975723267]"
Benign_28,img+recplot+mtf+gadf,3,0,1,"[0.32836782932281494, 0.6716321706771851]"
Benign_29,img+recplot+mtf+gadf,3,0,0,"[0.862789511680603, 0.13721054792404175]"
Benign_35,img+recplot+mtf+gadf,3,0,0,"[0.9984810948371887, 0.0015189377591013908]"
Benign_40,img+recplot+mtf+gadf,3,0,0,"[0.9948134422302246, 0.005186612252146006]"
Benign_44,img+recplot+mtf+gadf,3,0,0,"[0.9999825954437256, 1.7462079995311797e-05]"
Benign_51,img+recplot+mtf+gadf,3,0,0,"[0.9562235474586487, 0.04377645254135132]"
Benign_58,img+recplot+mtf+gadf,3,0,0,"[0.9999959468841553, 4.081307906744769e-06]"
Benign_61,img+recplot+mtf+gadf,3,0,0,"[1.0, 1.5082418647338613e-10]"
Benign_63,img+recplot+mtf+gadf,3,0,0,"[0.9973359704017639, 0.002663966501131654]"
Malignant_2,img+recplot+mtf+gadf,3,1,1,"[0.00684932479634881, 0.9931506514549255]"
Malignant_9,img+recplot+mtf+gadf,3,1,0,"[0.5790910124778748, 0.42090901732444763]"
Malignant_13,img+recplot+mtf+gadf,3,1,1,"[0.008039196953177452, 0.9919608235359192]"
Malignant_26,img+recplot+mtf+gadf,3,1,1,"[0.10667344182729721, 0.8933265805244446]"
Malignant_27,img+recplot+mtf+gadf,3,1,1,"[0.026961082592606544, 0.9730388522148132]"
Malignant_36,img+recplot+mtf+gadf,3,1,1,"[0.0228244848549366, 0.9771754741668701]"
Malignant_37,img+recplot+mtf+gadf,3,1,1,"[0.04580583795905113, 0.9541941285133362]"
Malignant_41,img+recplot+mtf+gadf,3,1,1,"[0.059915442019701004, 0.9400845766067505]"
Malignant_45,img+recplot+mtf+gadf,3,1,1,"[0.07273658365011215, 0.9272633790969849]"
Malignant_48,img+recplot+mtf+gadf,3,1,1,"[0.0193328857421875, 0.9806671142578125]"
Malignant_50,img+recplot+mtf+gadf,3,1,1,"[0.4115566909313202, 0.5884433388710022]"
Malignant_55,img+recplot+mtf+gadf,3,1,1,"[0.1339641809463501, 0.8660358190536499]"
Malignant_56,img+recplot+mtf+gadf,3,1,1,"[0.03312338888645172, 0.9668766260147095]"
Malignant_58,img+recplot+mtf+gadf,3,1,1,"[0.017127104103565216, 0.9828729033470154]"
Malignant_62,img+recplot+mtf+gadf,3,1,1,"[0.016699589788913727, 0.9833004474639893]"
Malignant_81,img+recplot+mtf+gadf,3,1,1,"[0.1505967676639557, 0.8494032621383667]"
Malignant_84,img+recplot+mtf+gadf,3,1,1,"[0.016156191006302834, 0.9838437438011169]"
Malignant_88,img+recplot+mtf+gadf,3,1,1,"[0.0015161127084866166, 0.9984839558601379]"
Benign_10,img+recplot+mtf+gadf,4,0,0,"[0.999567449092865, 0.00043258490040898323]"
Benign_14,img+recplot+mtf+gadf,4,0,0,"[0.9979362487792969, 0.002063798950985074]"
Benign_17,img+recplot+mtf+gadf,4,0,0,"[0.9970282912254333, 0.002971721813082695]"
Benign_18,img+recplot+mtf+gadf,4,0,0,"[0.997409999370575, 0.002590005984529853]"
Benign_27,img+recplot+mtf+gadf,4,0,0,"[0.9957755208015442, 0.004224496893584728]"
Benign_30,img+recplot+mtf+gadf,4,0,0,"[0.7976875305175781, 0.20231245458126068]"
Benign_31,img+recplot+mtf+gadf,4,0,0,"[0.8051799535751343, 0.19482006132602692]"
Benign_33,img+recplot+mtf+gadf,4,0,0,"[1.0, 5.5957826816666056e-08]"
Benign_37,img+recplot+mtf+gadf,4,0,0,"[0.9230849146842957, 0.07691504806280136]"
Benign_42,img+recplot+mtf+gadf,4,0,0,"[0.9999994039535522, 6.280188813434506e-07]"
Benign_46,img+recplot+mtf+gadf,4,0,0,"[0.999994158744812, 5.801062343380181e-06]"
Benign_47,img+recplot+mtf+gadf,4,0,0,"[0.7749998569488525, 0.22500014305114746]"
Benign_53,img+recplot+mtf+gadf,4,0,0,"[0.9994827508926392, 0.0005171935772523284]"
Benign_66,img+recplot+mtf+gadf,4,0,0,"[0.9998393058776855, 0.00016063661314547062]"
Benign_74,img+recplot+mtf+gadf,4,0,0,"[0.9982617497444153, 0.0017383090453222394]"
Malignant_5,img+recplot+mtf+gadf,4,1,1,"[0.05229248106479645, 0.9477075934410095]"
Malignant_12,img+recplot+mtf+gadf,4,1,1,"[0.0008944617584347725, 0.9991055130958557]"
Malignant_22,img+recplot+mtf+gadf,4,1,0,"[0.625398576259613, 0.37460142374038696]"
Malignant_23,img+recplot+mtf+gadf,4,1,1,"[0.0016432444099336863, 0.9983567595481873]"
Malignant_28,img+recplot+mtf+gadf,4,1,1,"[0.08914129436016083, 0.910858690738678]"
Malignant_30,img+recplot+mtf+gadf,4,1,1,"[0.0012512614484876394, 0.998748779296875]"
Malignant_33,img+recplot+mtf+gadf,4,1,1,"[0.0036032318603247404, 0.9963968396186829]"
Malignant_42,img+recplot+mtf+gadf,4,1,1,"[0.042908668518066406, 0.9570913314819336]"
Malignant_44,img+recplot+mtf+gadf,4,1,1,"[0.029394641518592834, 0.9706053137779236]"
Malignant_49,img+recplot+mtf+gadf,4,1,1,"[0.010498816147446632, 0.9895011782646179]"
Malignant_52,img+recplot+mtf+gadf,4,1,1,"[0.16898216307163239, 0.831017792224884]"
Malignant_61,img+recplot+mtf+gadf,4,1,1,"[0.0022421733010560274, 0.9977578520774841]"
Malignant_63,img+recplot+mtf+gadf,4,1,1,"[0.0007671330240555108, 0.9992328882217407]"
Malignant_71,img+recplot+mtf+gadf,4,1,1,"[0.010921960696578026, 0.9890779852867126]"
Malignant_75,img+recplot+mtf+gadf,4,1,1,"[0.2739182412624359, 0.7260817289352417]"
Malignant_79,img+recplot+mtf+gadf,4,1,1,"[0.0020935304928570986, 0.9979064464569092]"
Malignant_80,img+recplot+mtf+gadf,4,1,1,"[0.000744495599064976, 0.9992554783821106]"
Malignant_85,img+recplot+mtf+gadf,4,1,1,"[0.009595450013875961, 0.9904046058654785]"
Benign_2,img+recplot+mtf+gadf,5,0,0,"[0.9999841451644897, 1.580123534949962e-05]"
Benign_6,img+recplot+mtf+gadf,5,0,0,"[0.9999961853027344, 3.81498466595076e-06]"
Benign_11,img+recplot+mtf+gadf,5,0,0,"[0.999646782875061, 0.0003531938709784299]"
Benign_21,img+recplot+mtf+gadf,5,0,0,"[0.8834553360939026, 0.11654472351074219]"
Benign_25,img+recplot+mtf+gadf,5,0,1,"[0.3236222565174103, 0.6763777136802673]"
Benign_45,img+recplot+mtf+gadf,5,0,0,"[0.9379726052284241, 0.06202733516693115]"
Benign_48,img+recplot+mtf+gadf,5,0,0,"[0.9913574457168579, 0.008642556145787239]"
Benign_55,img+recplot+mtf+gadf,5,0,0,"[0.9995861649513245, 0.00041381953633390367]"
Benign_56,img+recplot+mtf+gadf,5,0,0,"[0.9556360840797424, 0.04436396807432175]"
Benign_59,img+recplot+mtf+gadf,5,0,0,"[0.9999420642852783, 5.7912613556254655e-05]"
Benign_60,img+recplot+mtf+gadf,5,0,0,"[0.6518040299415588, 0.34819599986076355]"
Benign_64,img+recplot+mtf+gadf,5,0,0,"[0.9996626377105713, 0.0003373288200236857]"
Benign_71,img+recplot+mtf+gadf,5,0,0,"[0.9998569488525391, 0.00014301172632258385]"
Benign_72,img+recplot+mtf+gadf,5,0,0,"[0.999963641166687, 3.6327317502582446e-05]"
Malignant_3,img+recplot+mtf+gadf,5,1,1,"[0.0012652677251026034, 0.9987347722053528]"
Malignant_7,img+recplot+mtf+gadf,5,1,1,"[0.29831382632255554, 0.7016861438751221]"
Malignant_16,img+recplot+mtf+gadf,5,1,1,"[0.3527815639972687, 0.6472184062004089]"
Malignant_18,img+recplot+mtf+gadf,5,1,1,"[0.44110968708992004, 0.5588903427124023]"
Malignant_24,img+recplot+mtf+gadf,5,1,1,"[0.0002512382925488055, 0.9997487664222717]"
Malignant_25,img+recplot+mtf+gadf,5,1,1,"[0.15731853246688843, 0.8426814079284668]"
Malignant_29,img+recplot+mtf+gadf,5,1,1,"[0.002521753078326583, 0.9974783062934875]"
Malignant_38,img+recplot+mtf+gadf,5,1,1,"[0.0006952019757591188, 0.9993047714233398]"
Malignant_39,img+recplot+mtf+gadf,5,1,1,"[0.315655380487442, 0.6843445301055908]"
Malignant_40,img+recplot+mtf+gadf,5,1,1,"[1.5759280358906835e-05, 0.9999842643737793]"
Malignant_43,img+recplot+mtf+gadf,5,1,1,"[0.030593903735280037, 0.9694060683250427]"
Malignant_51,img+recplot+mtf+gadf,5,1,1,"[0.008473100140690804, 0.9915269017219543]"
Malignant_57,img+recplot+mtf+gadf,5,1,1,"[0.19952578842639923, 0.800474226474762]"
Malignant_59,img+recplot+mtf+gadf,5,1,1,"[0.13324126601219177, 0.8667587041854858]"
Malignant_68,img+recplot+mtf+gadf,5,1,1,"[0.006069893948733807, 0.9939301013946533]"
Malignant_73,img+recplot+mtf+gadf,5,1,1,"[0.021980129182338715, 0.9780198335647583]"
Malignant_89,img+recplot+mtf+gadf,5,1,1,"[0.03951351344585419, 0.9604865312576294]"
Malignant_90,img+recplot+mtf+gadf,5,1,1,"[0.00121017056517303, 0.9987898468971252]"
Malignant_91,img+recplot+mtf+gadf,5,1,1,"[0.009659072384238243, 0.9903410077095032]"
Benign_1,img+recplot+gasf+gadf,1,0,0,"[0.9857327342033386, 0.014267266727983952]"
Benign_4,img+recplot+gasf+gadf,1,0,0,"[0.9842014908790588, 0.015798568725585938]"
Benign_7,img+recplot+gasf+gadf,1,0,0,"[0.877190351486206, 0.12280972301959991]"
Benign_9,img+recplot+gasf+gadf,1,0,0,"[0.995927631855011, 0.004072299227118492]"
Benign_13,img+recplot+gasf+gadf,1,0,0,"[0.8308048844337463, 0.16919511556625366]"
Benign_15,img+recplot+gasf+gadf,1,0,0,"[0.9760476350784302, 0.023952344432473183]"
Benign_26,img+recplot+gasf+gadf,1,0,0,"[0.5169776082038879, 0.48302242159843445]"
Benign_36,img+recplot+gasf+gadf,1,0,0,"[0.729092538356781, 0.27090737223625183]"
Benign_38,img+recplot+gasf+gadf,1,0,1,"[0.013935907743871212, 0.986064076423645]"
Benign_41,img+recplot+gasf+gadf,1,0,1,"[0.4524553418159485, 0.5475446581840515]"
Benign_43,img+recplot+gasf+gadf,1,0,1,"[0.0701223611831665, 0.9298775792121887]"
Benign_57,img+recplot+gasf+gadf,1,0,0,"[0.9888936877250671, 0.011106385849416256]"
Benign_65,img+recplot+gasf+gadf,1,0,0,"[0.9905726313591003, 0.009427325800061226]"
Benign_68,img+recplot+gasf+gadf,1,0,1,"[0.42327916622161865, 0.5767208933830261]"
Benign_73,img+recplot+gasf+gadf,1,0,0,"[0.9977980852127075, 0.0022019909229129553]"
Malignant_6,img+recplot+gasf+gadf,1,1,1,"[1.6430816458523623e-06, 0.9999983310699463]"
Malignant_8,img+recplot+gasf+gadf,1,1,1,"[4.712796362582594e-05, 0.9999529123306274]"
Malignant_15,img+recplot+gasf+gadf,1,1,1,"[1.0559187103353906e-05, 0.99998939037323]"
Malignant_17,img+recplot+gasf+gadf,1,1,1,"[2.700179948078585e-06, 0.9999972581863403]"
Malignant_19,img+recplot+gasf+gadf,1,1,1,"[0.1323290914297104, 0.8676709532737732]"
Malignant_20,img+recplot+gasf+gadf,1,1,1,"[0.11387298256158829, 0.8861269950866699]"
Malignant_32,img+recplot+gasf+gadf,1,1,1,"[0.00014073538477532566, 0.9998592138290405]"
Malignant_35,img+recplot+gasf+gadf,1,1,1,"[0.004103675018996, 0.9958963394165039]"
Malignant_46,img+recplot+gasf+gadf,1,1,1,"[0.0016582504613325, 0.9983416795730591]"
Malignant_47,img+recplot+gasf+gadf,1,1,1,"[0.007594159338623285, 0.9924058318138123]"
Malignant_65,img+recplot+gasf+gadf,1,1,1,"[0.00021679175551980734, 0.9997832179069519]"
Malignant_66,img+recplot+gasf+gadf,1,1,1,"[0.00017335775191895664, 0.9998267292976379]"
Malignant_69,img+recplot+gasf+gadf,1,1,1,"[0.00015957513824105263, 0.9998403787612915]"
Malignant_74,img+recplot+gasf+gadf,1,1,1,"[1.440130859009514e-06, 0.9999985694885254]"
Malignant_76,img+recplot+gasf+gadf,1,1,1,"[1.2179973964521196e-05, 0.9999878406524658]"
Malignant_77,img+recplot+gasf+gadf,1,1,1,"[0.00015903028543107212, 0.9998409748077393]"
Malignant_78,img+recplot+gasf+gadf,1,1,1,"[0.0014930577017366886, 0.9985069632530212]"
Malignant_82,img+recplot+gasf+gadf,1,1,1,"[0.0021292667370289564, 0.997870683670044]"
Benign_3,img+recplot+gasf+gadf,2,0,0,"[0.8702461123466492, 0.12975384294986725]"
Benign_5,img+recplot+gasf+gadf,2,0,0,"[0.6597257256507874, 0.34027427434921265]"
Benign_16,img+recplot+gasf+gadf,2,0,0,"[0.9999998807907104, 9.869971506759612e-08]"
Benign_22,img+recplot+gasf+gadf,2,0,0,"[0.6402589678764343, 0.3597409427165985]"
Benign_32,img+recplot+gasf+gadf,2,0,1,"[0.49541178345680237, 0.5045881867408752]"
Benign_34,img+recplot+gasf+gadf,2,0,1,"[0.16603487730026245, 0.8339650630950928]"
Benign_39,img+recplot+gasf+gadf,2,0,1,"[0.06284143775701523, 0.9371586441993713]"
Benign_49,img+recplot+gasf+gadf,2,0,0,"[0.9959959983825684, 0.004004013258963823]"
Benign_50,img+recplot+gasf+gadf,2,0,0,"[0.6925579905509949, 0.30744197964668274]"
Benign_52,img+recplot+gasf+gadf,2,0,0,"[0.7489306926727295, 0.25106924772262573]"
Benign_54,img+recplot+gasf+gadf,2,0,1,"[0.04129413515329361, 0.9587058424949646]"
Benign_62,img+recplot+gasf+gadf,2,0,0,"[0.9999599456787109, 4.007141251349822e-05]"
Benign_67,img+recplot+gasf+gadf,2,0,0,"[0.6499270796775818, 0.3500729501247406]"
Benign_69,img+recplot+gasf+gadf,2,0,1,"[0.3290420472621918, 0.6709579825401306]"
Benign_70,img+recplot+gasf+gadf,2,0,0,"[0.9986953139305115, 0.0013047066750004888]"
Malignant_1,img+recplot+gasf+gadf,2,1,1,"[0.47472769021987915, 0.5252723097801208]"
Malignant_4,img+recplot+gasf+gadf,2,1,1,"[0.2556493282318115, 0.7443506717681885]"
Malignant_10,img+recplot+gasf+gadf,2,1,1,"[0.0006903473404236138, 0.9993096590042114]"
Malignant_11,img+recplot+gasf+gadf,2,1,1,"[0.0034568316768854856, 0.9965431094169617]"
Malignant_14,img+recplot+gasf+gadf,2,1,1,"[0.22377139329910278, 0.7762286067008972]"
Malignant_21,img+recplot+gasf+gadf,2,1,1,"[0.01062924787402153, 0.9893707036972046]"
Malignant_31,img+recplot+gasf+gadf,2,1,1,"[8.646286732982844e-05, 0.9999135732650757]"
Malignant_34,img+recplot+gasf+gadf,2,1,1,"[0.0013313814997673035, 0.9986686706542969]"
Malignant_53,img+recplot+gasf+gadf,2,1,1,"[0.00352938543073833, 0.9964706897735596]"
Malignant_54,img+recplot+gasf+gadf,2,1,1,"[0.017820047214627266, 0.9821798801422119]"
Malignant_60,img+recplot+gasf+gadf,2,1,1,"[0.0013057620963081717, 0.9986942410469055]"
Malignant_64,img+recplot+gasf+gadf,2,1,1,"[0.03977096080780029, 0.9602290391921997]"
Malignant_67,img+recplot+gasf+gadf,2,1,1,"[0.00026935560163110495, 0.99973064661026]"
Malignant_70,img+recplot+gasf+gadf,2,1,1,"[0.00391792319715023, 0.9960821270942688]"
Malignant_72,img+recplot+gasf+gadf,2,1,1,"[0.011582231149077415, 0.9884178042411804]"
Malignant_83,img+recplot+gasf+gadf,2,1,1,"[0.003878760850057006, 0.9961212277412415]"
Malignant_86,img+recplot+gasf+gadf,2,1,1,"[6.611629942199215e-05, 0.9999338388442993]"
Malignant_87,img+recplot+gasf+gadf,2,1,1,"[0.01330417487770319, 0.9866958856582642]"
Benign_8,img+recplot+gasf+gadf,3,0,0,"[0.9210247993469238, 0.07897521555423737]"
Benign_12,img+recplot+gasf+gadf,3,0,0,"[0.9857535362243652, 0.014246473088860512]"
Benign_19,img+recplot+gasf+gadf,3,0,0,"[0.9464847445487976, 0.05351530387997627]"
Benign_20,img+recplot+gasf+gadf,3,0,0,"[0.9099467396736145, 0.09005322307348251]"
Benign_23,img+recplot+gasf+gadf,3,0,1,"[0.4520164728164673, 0.5479835271835327]"
Benign_24,img+recplot+gasf+gadf,3,0,0,"[0.724378228187561, 0.27562177181243896]"
Benign_28,img+recplot+gasf+gadf,3,0,0,"[0.6180029511451721, 0.3819970190525055]"
Benign_29,img+recplot+gasf+gadf,3,0,1,"[0.4068572223186493, 0.5931428074836731]"
Benign_35,img+recplot+gasf+gadf,3,0,0,"[0.9786288738250732, 0.0213711429387331]"
Benign_40,img+recplot+gasf+gadf,3,0,0,"[0.9412865042686462, 0.058713432401418686]"
Benign_44,img+recplot+gasf+gadf,3,0,0,"[0.7981814742088318, 0.2018185406923294]"
Benign_51,img+recplot+gasf+gadf,3,0,0,"[0.9915456175804138, 0.008454360067844391]"
Benign_58,img+recplot+gasf+gadf,3,0,0,"[0.9999864101409912, 1.3574136573879514e-05]"
Benign_61,img+recplot+gasf+gadf,3,0,0,"[0.9999004602432251, 9.951950050890446e-05]"
Benign_63,img+recplot+gasf+gadf,3,0,0,"[0.9893054962158203, 0.010694565251469612]"
Malignant_2,img+recplot+gasf+gadf,3,1,1,"[0.0009872763184830546, 0.9990127086639404]"
Malignant_9,img+recplot+gasf+gadf,3,1,1,"[0.11960301548242569, 0.8803969621658325]"
Malignant_13,img+recplot+gasf+gadf,3,1,1,"[0.0004780516028404236, 0.9995219707489014]"
Malignant_26,img+recplot+gasf+gadf,3,1,1,"[0.00027301846421323717, 0.9997269511222839]"
Malignant_27,img+recplot+gasf+gadf,3,1,1,"[0.0029403020162135363, 0.9970596432685852]"
Malignant_36,img+recplot+gasf+gadf,3,1,1,"[0.0006100981263443828, 0.9993898868560791]"
Malignant_37,img+recplot+gasf+gadf,3,1,1,"[0.033898040652275085, 0.9661019444465637]"
Malignant_41,img+recplot+gasf+gadf,3,1,1,"[5.289406090014381e-06, 0.9999947547912598]"
Malignant_45,img+recplot+gasf+gadf,3,1,1,"[5.179310392122716e-06, 0.9999948740005493]"
Malignant_48,img+recplot+gasf+gadf,3,1,1,"[0.011968865990638733, 0.9880311489105225]"
Malignant_50,img+recplot+gasf+gadf,3,1,1,"[0.12879657745361328, 0.8712034225463867]"
Malignant_55,img+recplot+gasf+gadf,3,1,1,"[0.12477775663137436, 0.8752222657203674]"
Malignant_56,img+recplot+gasf+gadf,3,1,1,"[0.009265740402042866, 0.9907342195510864]"
Malignant_58,img+recplot+gasf+gadf,3,1,1,"[0.010825217701494694, 0.9891748428344727]"
Malignant_62,img+recplot+gasf+gadf,3,1,1,"[0.01214318722486496, 0.9878567457199097]"
Malignant_81,img+recplot+gasf+gadf,3,1,1,"[0.012483684346079826, 0.9875162839889526]"
Malignant_84,img+recplot+gasf+gadf,3,1,1,"[4.5687402234761976e-06, 0.9999954700469971]"
Malignant_88,img+recplot+gasf+gadf,3,1,1,"[4.063144388055662e-06, 0.9999959468841553]"
Benign_10,img+recplot+gasf+gadf,4,0,0,"[0.999994158744812, 5.889556177862687e-06]"
Benign_14,img+recplot+gasf+gadf,4,0,0,"[0.9821817278862, 0.017818303778767586]"
Benign_17,img+recplot+gasf+gadf,4,0,0,"[0.7950881719589233, 0.20491179823875427]"
Benign_18,img+recplot+gasf+gadf,4,0,0,"[0.9984265565872192, 0.0015734439948573709]"
Benign_27,img+recplot+gasf+gadf,4,0,0,"[0.9226627349853516, 0.07733723521232605]"
Benign_30,img+recplot+gasf+gadf,4,0,0,"[0.5593955516815186, 0.4406045377254486]"
Benign_31,img+recplot+gasf+gadf,4,0,0,"[0.5508533716201782, 0.4491466283798218]"
Benign_33,img+recplot+gasf+gadf,4,0,0,"[0.8559427857398987, 0.1440572291612625]"
Benign_37,img+recplot+gasf+gadf,4,0,0,"[0.6056321859359741, 0.3943678140640259]"
Benign_42,img+recplot+gasf+gadf,4,0,0,"[0.9992838501930237, 0.0007162023684941232]"
Benign_46,img+recplot+gasf+gadf,4,0,0,"[0.9985355138778687, 0.001464521512389183]"
Benign_47,img+recplot+gasf+gadf,4,0,0,"[0.7786751985549927, 0.22132481634616852]"
Benign_53,img+recplot+gasf+gadf,4,0,0,"[0.9041407704353333, 0.09585927426815033]"
Benign_66,img+recplot+gasf+gadf,4,0,0,"[0.8224011063575745, 0.17759890854358673]"
Benign_74,img+recplot+gasf+gadf,4,0,0,"[1.0, 9.685566126904632e-09]"
Malignant_5,img+recplot+gasf+gadf,4,1,1,"[0.018503224477171898, 0.9814968109130859]"
Malignant_12,img+recplot+gasf+gadf,4,1,1,"[0.12682203948497772, 0.8731778860092163]"
Malignant_22,img+recplot+gasf+gadf,4,1,1,"[0.4252950847148895, 0.5747049450874329]"
Malignant_23,img+recplot+gasf+gadf,4,1,1,"[0.12644031643867493, 0.8735596537590027]"
Malignant_28,img+recplot+gasf+gadf,4,1,1,"[0.0013591989409178495, 0.9986408352851868]"
Malignant_30,img+recplot+gasf+gadf,4,1,1,"[0.004486467223614454, 0.9955134987831116]"
Malignant_33,img+recplot+gasf+gadf,4,1,1,"[0.008493985049426556, 0.991506040096283]"
Malignant_42,img+recplot+gasf+gadf,4,1,1,"[0.14467503130435944, 0.855324923992157]"
Malignant_44,img+recplot+gasf+gadf,4,1,1,"[0.02779082953929901, 0.9722092151641846]"
Malignant_49,img+recplot+gasf+gadf,4,1,1,"[0.07403971254825592, 0.92596036195755]"
Malignant_52,img+recplot+gasf+gadf,4,1,1,"[0.016187410801649094, 0.9838125705718994]"
Malignant_61,img+recplot+gasf+gadf,4,1,1,"[0.38396593928337097, 0.6160340905189514]"
Malignant_63,img+recplot+gasf+gadf,4,1,1,"[0.26408451795578003, 0.73591548204422]"
Malignant_71,img+recplot+gasf+gadf,4,1,1,"[0.3083299696445465, 0.6916700005531311]"
Malignant_75,img+recplot+gasf+gadf,4,1,1,"[0.0021350556053221226, 0.9978650212287903]"
Malignant_79,img+recplot+gasf+gadf,4,1,1,"[0.0964316874742508, 0.9035683274269104]"
Malignant_80,img+recplot+gasf+gadf,4,1,1,"[0.007912960834801197, 0.9920870661735535]"
Malignant_85,img+recplot+gasf+gadf,4,1,1,"[0.0695890411734581, 0.9304109811782837]"
Benign_2,img+recplot+gasf+gadf,5,0,0,"[0.9997112154960632, 0.00028879803721792996]"
Benign_6,img+recplot+gasf+gadf,5,0,0,"[0.9484919309616089, 0.051507994532585144]"
Benign_11,img+recplot+gasf+gadf,5,0,0,"[0.9919546246528625, 0.008045443333685398]"
Benign_21,img+recplot+gasf+gadf,5,0,0,"[0.9833242893218994, 0.016675669699907303]"
Benign_25,img+recplot+gasf+gadf,5,0,1,"[0.23856045305728912, 0.7614395022392273]"
Benign_45,img+recplot+gasf+gadf,5,0,0,"[0.9064152240753174, 0.09358476847410202]"
Benign_48,img+recplot+gasf+gadf,5,0,0,"[0.9929618239402771, 0.00703821936622262]"
Benign_55,img+recplot+gasf+gadf,5,0,0,"[0.9668147563934326, 0.0331851989030838]"
Benign_56,img+recplot+gasf+gadf,5,0,0,"[0.8441329002380371, 0.15586702525615692]"
Benign_59,img+recplot+gasf+gadf,5,0,0,"[0.9994840621948242, 0.0005158523563295603]"
Benign_60,img+recplot+gasf+gadf,5,0,0,"[0.9953232407569885, 0.004676805809140205]"
Benign_64,img+recplot+gasf+gadf,5,0,0,"[0.9687365889549255, 0.031263433396816254]"
Benign_71,img+recplot+gasf+gadf,5,0,0,"[0.9998817443847656, 0.00011826975969597697]"
Benign_72,img+recplot+gasf+gadf,5,0,0,"[0.9996083378791809, 0.0003916327841579914]"
Malignant_3,img+recplot+gasf+gadf,5,1,1,"[0.00439680740237236, 0.9956032037734985]"
Malignant_7,img+recplot+gasf+gadf,5,1,1,"[0.05239220708608627, 0.9476078152656555]"
Malignant_16,img+recplot+gasf+gadf,5,1,0,"[0.5111982822418213, 0.4888017773628235]"
Malignant_18,img+recplot+gasf+gadf,5,1,1,"[0.14431588351726532, 0.8556841611862183]"
Malignant_24,img+recplot+gasf+gadf,5,1,1,"[0.1279091089963913, 0.8720908761024475]"
Malignant_25,img+recplot+gasf+gadf,5,1,1,"[0.009558925405144691, 0.990441083908081]"
Malignant_29,img+recplot+gasf+gadf,5,1,0,"[0.5166147351264954, 0.48338526487350464]"
Malignant_38,img+recplot+gasf+gadf,5,1,1,"[0.000238248729147017, 0.9997617602348328]"
Malignant_39,img+recplot+gasf+gadf,5,1,0,"[0.7517335414886475, 0.24826648831367493]"
Malignant_40,img+recplot+gasf+gadf,5,1,1,"[0.0005058139213360846, 0.999494194984436]"
Malignant_43,img+recplot+gasf+gadf,5,1,1,"[0.07303498685359955, 0.9269649982452393]"
Malignant_51,img+recplot+gasf+gadf,5,1,1,"[0.26432517170906067, 0.7356747388839722]"
Malignant_57,img+recplot+gasf+gadf,5,1,0,"[0.5503052473068237, 0.44969478249549866]"
Malignant_59,img+recplot+gasf+gadf,5,1,1,"[0.18625985085964203, 0.8137401342391968]"
Malignant_68,img+recplot+gasf+gadf,5,1,1,"[0.09688267111778259, 0.903117299079895]"
Malignant_73,img+recplot+gasf+gadf,5,1,1,"[0.304288774728775, 0.6957111954689026]"
Malignant_89,img+recplot+gasf+gadf,5,1,0,"[0.6745763421058655, 0.3254236578941345]"
Malignant_90,img+recplot+gasf+gadf,5,1,1,"[0.3007335960865021, 0.6992663741111755]"
Malignant_91,img+recplot+gasf+gadf,5,1,1,"[0.4115871787071228, 0.5884127616882324]"
Benign_1,img+mtf+gasf+gadf,1,0,0,"[0.9765151739120483, 0.023484807461500168]"
Benign_4,img+mtf+gasf+gadf,1,0,0,"[0.9978936314582825, 0.0021063978783786297]"
Benign_7,img+mtf+gasf+gadf,1,0,0,"[0.9986670017242432, 0.0013330462388694286]"
Benign_9,img+mtf+gasf+gadf,1,0,0,"[0.9983775615692139, 0.0016223752172663808]"
Benign_13,img+mtf+gasf+gadf,1,0,1,"[0.24291729927062988, 0.7570827007293701]"
Benign_15,img+mtf+gasf+gadf,1,0,1,"[0.17020557820796967, 0.8297944664955139]"
Benign_26,img+mtf+gasf+gadf,1,0,0,"[0.9122116565704346, 0.08778838068246841]"
Benign_36,img+mtf+gasf+gadf,1,0,0,"[0.999421238899231, 0.0005787356058135629]"
Benign_38,img+mtf+gasf+gadf,1,0,1,"[0.047777462750673294, 0.9522225260734558]"
Benign_41,img+mtf+gasf+gadf,1,0,0,"[0.9929418563842773, 0.007058161776512861]"
Benign_43,img+mtf+gasf+gadf,1,0,1,"[0.12893182039260864, 0.8710681796073914]"
Benign_57,img+mtf+gasf+gadf,1,0,0,"[0.9903455376625061, 0.009654446505010128]"
Benign_65,img+mtf+gasf+gadf,1,0,0,"[0.9957696199417114, 0.004230380058288574]"
Benign_68,img+mtf+gasf+gadf,1,0,0,"[0.9488109946250916, 0.05118895322084427]"
Benign_73,img+mtf+gasf+gadf,1,0,0,"[0.9830830097198486, 0.016917038708925247]"
Malignant_6,img+mtf+gasf+gadf,1,1,1,"[0.01388462819159031, 0.9861153364181519]"
Malignant_8,img+mtf+gasf+gadf,1,1,1,"[3.1278057576855645e-05, 0.9999687671661377]"
Malignant_15,img+mtf+gasf+gadf,1,1,1,"[5.961618808214553e-05, 0.9999403953552246]"
Malignant_17,img+mtf+gasf+gadf,1,1,1,"[8.969636110123247e-05, 0.9999103546142578]"
Malignant_19,img+mtf+gasf+gadf,1,1,1,"[0.01107911579310894, 0.9889208078384399]"
Malignant_20,img+mtf+gasf+gadf,1,1,1,"[0.0007165693095885217, 0.999283492565155]"
Malignant_32,img+mtf+gasf+gadf,1,1,1,"[2.6298735974705778e-05, 0.9999736547470093]"
Malignant_35,img+mtf+gasf+gadf,1,1,1,"[0.02494489960372448, 0.9750551581382751]"
Malignant_46,img+mtf+gasf+gadf,1,1,1,"[0.0006773995119147003, 0.9993226528167725]"
Malignant_47,img+mtf+gasf+gadf,1,1,1,"[0.0009722210234031081, 0.9990277290344238]"
Malignant_65,img+mtf+gasf+gadf,1,1,1,"[3.41676568496041e-05, 0.9999657869338989]"
Malignant_66,img+mtf+gasf+gadf,1,1,1,"[0.00038732250686734915, 0.9996127486228943]"
Malignant_69,img+mtf+gasf+gadf,1,1,1,"[0.0033608144149184227, 0.9966391324996948]"
Malignant_74,img+mtf+gasf+gadf,1,1,1,"[6.283986294874921e-05, 0.9999371767044067]"
Malignant_76,img+mtf+gasf+gadf,1,1,1,"[2.039879109361209e-05, 0.9999796152114868]"
Malignant_77,img+mtf+gasf+gadf,1,1,1,"[4.732843081001192e-06, 0.999995231628418]"
Malignant_78,img+mtf+gasf+gadf,1,1,1,"[0.002016258193179965, 0.9979836940765381]"
Malignant_82,img+mtf+gasf+gadf,1,1,1,"[5.6675244053394636e-08, 1.0]"
Benign_3,img+mtf+gasf+gadf,2,0,0,"[0.9996391534805298, 0.0003608248953241855]"
Benign_5,img+mtf+gasf+gadf,2,0,0,"[0.8319555521011353, 0.16804444789886475]"
Benign_16,img+mtf+gasf+gadf,2,0,0,"[0.9913800358772278, 0.008619979955255985]"
Benign_22,img+mtf+gasf+gadf,2,0,0,"[0.8647862076759338, 0.13521376252174377]"
Benign_32,img+mtf+gasf+gadf,2,0,0,"[0.8163663148880005, 0.1836337298154831]"
Benign_34,img+mtf+gasf+gadf,2,0,0,"[0.7006155848503113, 0.2993844151496887]"
Benign_39,img+mtf+gasf+gadf,2,0,0,"[0.7549657821655273, 0.24503423273563385]"
Benign_49,img+mtf+gasf+gadf,2,0,0,"[0.9133581519126892, 0.0866418406367302]"
Benign_50,img+mtf+gasf+gadf,2,0,0,"[0.8879841566085815, 0.11201582103967667]"
Benign_52,img+mtf+gasf+gadf,2,0,0,"[0.9489769339561462, 0.05102299526333809]"
Benign_54,img+mtf+gasf+gadf,2,0,0,"[0.9783961176872253, 0.021603839471936226]"
Benign_62,img+mtf+gasf+gadf,2,0,0,"[0.9999964237213135, 3.6215237741998862e-06]"
Benign_67,img+mtf+gasf+gadf,2,0,0,"[0.6891281604766846, 0.3108718991279602]"
Benign_69,img+mtf+gasf+gadf,2,0,0,"[0.9246736764907837, 0.0753263533115387]"
Benign_70,img+mtf+gasf+gadf,2,0,0,"[0.9999908208847046, 9.194926860800479e-06]"
Malignant_1,img+mtf+gasf+gadf,2,1,1,"[0.3323730528354645, 0.6676269173622131]"
Malignant_4,img+mtf+gasf+gadf,2,1,1,"[0.24504752457141876, 0.7549524903297424]"
Malignant_10,img+mtf+gasf+gadf,2,1,1,"[0.06157659366726875, 0.9384233951568604]"
Malignant_11,img+mtf+gasf+gadf,2,1,1,"[0.18946681916713715, 0.8105331659317017]"
Malignant_14,img+mtf+gasf+gadf,2,1,1,"[0.0204540453851223, 0.9795459508895874]"
Malignant_21,img+mtf+gasf+gadf,2,1,1,"[0.054142918437719345, 0.9458571076393127]"
Malignant_31,img+mtf+gasf+gadf,2,1,1,"[0.2482633739709854, 0.7517366409301758]"
Malignant_34,img+mtf+gasf+gadf,2,1,1,"[0.2822204828262329, 0.7177795767784119]"
Malignant_53,img+mtf+gasf+gadf,2,1,1,"[0.020805208012461662, 0.9791947603225708]"
Malignant_54,img+mtf+gasf+gadf,2,1,1,"[0.037415679544210434, 0.962584376335144]"
Malignant_60,img+mtf+gasf+gadf,2,1,1,"[0.0201029721647501, 0.9798969626426697]"
Malignant_64,img+mtf+gasf+gadf,2,1,1,"[0.11379753053188324, 0.8862024545669556]"
Malignant_67,img+mtf+gasf+gadf,2,1,1,"[0.4175024926662445, 0.5824975371360779]"
Malignant_70,img+mtf+gasf+gadf,2,1,1,"[0.17380943894386292, 0.8261905908584595]"
Malignant_72,img+mtf+gasf+gadf,2,1,1,"[0.006178603041917086, 0.993821382522583]"
Malignant_83,img+mtf+gasf+gadf,2,1,1,"[0.00013908141409046948, 0.9998608827590942]"
Malignant_86,img+mtf+gasf+gadf,2,1,1,"[0.005417436361312866, 0.9945825934410095]"
Malignant_87,img+mtf+gasf+gadf,2,1,1,"[0.00332751777023077, 0.996672511100769]"
Benign_8,img+mtf+gasf+gadf,3,0,0,"[0.9988853335380554, 0.0011146952165290713]"
Benign_12,img+mtf+gasf+gadf,3,0,0,"[0.9899476170539856, 0.01005241647362709]"
Benign_19,img+mtf+gasf+gadf,3,0,0,"[0.9996182918548584, 0.0003816935932263732]"
Benign_20,img+mtf+gasf+gadf,3,0,0,"[0.9211893081665039, 0.07881070673465729]"
Benign_23,img+mtf+gasf+gadf,3,0,0,"[0.8393509984016418, 0.16064907610416412]"
Benign_24,img+mtf+gasf+gadf,3,0,0,"[0.5258313417434692, 0.4741687476634979]"
Benign_28,img+mtf+gasf+gadf,3,0,0,"[0.7575072646141052, 0.2424927055835724]"
Benign_29,img+mtf+gasf+gadf,3,0,0,"[0.7420184016227722, 0.2579815983772278]"
Benign_35,img+mtf+gasf+gadf,3,0,0,"[0.9999403953552246, 5.955163578619249e-05]"
Benign_40,img+mtf+gasf+gadf,3,0,0,"[0.9997939467430115, 0.00020601956930477172]"
Benign_44,img+mtf+gasf+gadf,3,0,0,"[0.9998315572738647, 0.00016841507749632]"
Benign_51,img+mtf+gasf+gadf,3,0,0,"[0.9985295534133911, 0.0014703862834721804]"
Benign_58,img+mtf+gasf+gadf,3,0,0,"[0.9999454021453857, 5.465011781780049e-05]"
Benign_61,img+mtf+gasf+gadf,3,0,0,"[0.999824583530426, 0.00017539283726364374]"
Benign_63,img+mtf+gasf+gadf,3,0,0,"[0.9722303748130798, 0.027769604697823524]"
Malignant_2,img+mtf+gasf+gadf,3,1,1,"[0.06053819879889488, 0.9394617676734924]"
Malignant_9,img+mtf+gasf+gadf,3,1,1,"[0.1696508228778839, 0.8303492069244385]"
Malignant_13,img+mtf+gasf+gadf,3,1,1,"[0.055822938680648804, 0.9441770315170288]"
Malignant_26,img+mtf+gasf+gadf,3,1,1,"[0.18078859150409698, 0.8192113637924194]"
Malignant_27,img+mtf+gasf+gadf,3,1,0,"[0.8611654043197632, 0.13883458077907562]"
Malignant_36,img+mtf+gasf+gadf,3,1,1,"[0.005902568344026804, 0.9940974712371826]"
Malignant_37,img+mtf+gasf+gadf,3,1,1,"[0.003497831057757139, 0.996502161026001]"
Malignant_41,img+mtf+gasf+gadf,3,1,1,"[0.09531553834676743, 0.9046844840049744]"
Malignant_45,img+mtf+gasf+gadf,3,1,1,"[0.06538495421409607, 0.9346150159835815]"
Malignant_48,img+mtf+gasf+gadf,3,1,1,"[0.006571585778146982, 0.9934284090995789]"
Malignant_50,img+mtf+gasf+gadf,3,1,1,"[0.0005215505370870233, 0.9994785189628601]"
Malignant_55,img+mtf+gasf+gadf,3,1,1,"[0.0014557851245626807, 0.9985442161560059]"
Malignant_56,img+mtf+gasf+gadf,3,1,1,"[0.00020653981482610106, 0.9997934699058533]"
Malignant_58,img+mtf+gasf+gadf,3,1,1,"[6.590221164515242e-05, 0.9999340772628784]"
Malignant_62,img+mtf+gasf+gadf,3,1,1,"[3.256427953601815e-05, 0.9999674558639526]"
Malignant_81,img+mtf+gasf+gadf,3,1,1,"[2.5429855668335222e-05, 0.9999746084213257]"
Malignant_84,img+mtf+gasf+gadf,3,1,1,"[0.0007401409093290567, 0.999259889125824]"
Malignant_88,img+mtf+gasf+gadf,3,1,1,"[2.5658302547526546e-05, 0.9999743700027466]"
Benign_10,img+mtf+gasf+gadf,4,0,0,"[0.9996069073677063, 0.00039313200977630913]"
Benign_14,img+mtf+gasf+gadf,4,0,0,"[0.9997496008872986, 0.00025040630134753883]"
Benign_17,img+mtf+gasf+gadf,4,0,0,"[0.8468631505966187, 0.15313680469989777]"
Benign_18,img+mtf+gasf+gadf,4,0,0,"[0.8578216433525085, 0.14217832684516907]"
Benign_27,img+mtf+gasf+gadf,4,0,0,"[0.7686966061592102, 0.23130331933498383]"
Benign_30,img+mtf+gasf+gadf,4,0,0,"[0.7016382813453674, 0.2983616590499878]"
Benign_31,img+mtf+gasf+gadf,4,0,0,"[0.5177820324897766, 0.4822179675102234]"
Benign_33,img+mtf+gasf+gadf,4,0,0,"[0.8643959164619446, 0.13560402393341064]"
Benign_37,img+mtf+gasf+gadf,4,0,0,"[0.6112641096115112, 0.3887358605861664]"
Benign_42,img+mtf+gasf+gadf,4,0,0,"[0.9980019927024841, 0.0019979996141046286]"
Benign_46,img+mtf+gasf+gadf,4,0,0,"[0.999994158744812, 5.8786358749784995e-06]"
Benign_47,img+mtf+gasf+gadf,4,0,0,"[0.936025083065033, 0.06397494673728943]"
Benign_53,img+mtf+gasf+gadf,4,0,0,"[0.9997037053108215, 0.0002963010047096759]"
Benign_66,img+mtf+gasf+gadf,4,0,0,"[0.953082263469696, 0.04691767320036888]"
Benign_74,img+mtf+gasf+gadf,4,0,0,"[0.972663938999176, 0.027336040511727333]"
Malignant_5,img+mtf+gasf+gadf,4,1,1,"[0.005436920095235109, 0.9945630431175232]"
Malignant_12,img+mtf+gasf+gadf,4,1,1,"[0.00021799499518238008, 0.9997820258140564]"
Malignant_22,img+mtf+gasf+gadf,4,1,1,"[0.2202870398759842, 0.7797130346298218]"
Malignant_23,img+mtf+gasf+gadf,4,1,1,"[1.1785369906647247e-06, 0.9999988079071045]"
Malignant_28,img+mtf+gasf+gadf,4,1,1,"[0.0014009211445227265, 0.998599112033844]"
Malignant_30,img+mtf+gasf+gadf,4,1,1,"[2.92360255116364e-06, 0.9999970197677612]"
Malignant_33,img+mtf+gasf+gadf,4,1,1,"[0.00044155772775411606, 0.9995583891868591]"
Malignant_42,img+mtf+gasf+gadf,4,1,1,"[0.0013767494820058346, 0.998623251914978]"
Malignant_44,img+mtf+gasf+gadf,4,1,1,"[6.625658670600387e-07, 0.9999992847442627]"
Malignant_49,img+mtf+gasf+gadf,4,1,1,"[0.01897594891488552, 0.9810240268707275]"
Malignant_52,img+mtf+gasf+gadf,4,1,1,"[0.0305657796561718, 0.9694342017173767]"
Malignant_61,img+mtf+gasf+gadf,4,1,1,"[9.300995589001104e-05, 0.9999070167541504]"
Malignant_63,img+mtf+gasf+gadf,4,1,1,"[0.0002047763846348971, 0.9997952580451965]"
Malignant_71,img+mtf+gasf+gadf,4,1,1,"[0.020823627710342407, 0.97917640209198]"
Malignant_75,img+mtf+gasf+gadf,4,1,1,"[0.027099892497062683, 0.9729000926017761]"
Malignant_79,img+mtf+gasf+gadf,4,1,1,"[0.00038808054523542523, 0.9996119141578674]"
Malignant_80,img+mtf+gasf+gadf,4,1,1,"[0.12920278310775757, 0.8707972168922424]"
Malignant_85,img+mtf+gasf+gadf,4,1,1,"[0.23399785161018372, 0.7660021185874939]"
Benign_2,img+mtf+gasf+gadf,5,0,0,"[0.9928136467933655, 0.007186374627053738]"
Benign_6,img+mtf+gasf+gadf,5,0,0,"[0.9769400358200073, 0.023059993982315063]"
Benign_11,img+mtf+gasf+gadf,5,0,0,"[0.9959805011749268, 0.004019506741315126]"
Benign_21,img+mtf+gasf+gadf,5,0,0,"[0.9941535592079163, 0.00584642868489027]"
Benign_25,img+mtf+gasf+gadf,5,0,0,"[0.9094761610031128, 0.09052382409572601]"
Benign_45,img+mtf+gasf+gadf,5,0,0,"[0.9187019467353821, 0.08129802346229553]"
Benign_48,img+mtf+gasf+gadf,5,0,0,"[0.9233982563018799, 0.0766017735004425]"
Benign_55,img+mtf+gasf+gadf,5,0,0,"[0.9997883439064026, 0.00021165759244468063]"
Benign_56,img+mtf+gasf+gadf,5,0,0,"[0.7578449249267578, 0.24215510487556458]"
Benign_59,img+mtf+gasf+gadf,5,0,0,"[0.9977443218231201, 0.0022556923795491457]"
Benign_60,img+mtf+gasf+gadf,5,0,0,"[0.922885537147522, 0.07711442559957504]"
Benign_64,img+mtf+gasf+gadf,5,0,0,"[0.9851694107055664, 0.014830660074949265]"
Benign_71,img+mtf+gasf+gadf,5,0,0,"[0.9999972581863403, 2.7836833851324627e-06]"
Benign_72,img+mtf+gasf+gadf,5,0,0,"[0.9998229146003723, 0.00017713860142976046]"
Malignant_3,img+mtf+gasf+gadf,5,1,1,"[0.057178597897291183, 0.9428213834762573]"
Malignant_7,img+mtf+gasf+gadf,5,1,1,"[0.21349532902240753, 0.7865046858787537]"
Malignant_16,img+mtf+gasf+gadf,5,1,1,"[0.18628652393817902, 0.8137134909629822]"
Malignant_18,img+mtf+gasf+gadf,5,1,1,"[0.11403780430555344, 0.885962188243866]"
Malignant_24,img+mtf+gasf+gadf,5,1,1,"[0.013418176211416721, 0.9865818023681641]"
Malignant_25,img+mtf+gasf+gadf,5,1,1,"[0.007169879041612148, 0.9928300976753235]"
Malignant_29,img+mtf+gasf+gadf,5,1,1,"[0.3735101521015167, 0.6264897584915161]"
Malignant_38,img+mtf+gasf+gadf,5,1,1,"[0.07531187683343887, 0.9246881604194641]"
Malignant_39,img+mtf+gasf+gadf,5,1,0,"[0.9183535575866699, 0.0816464051604271]"
Malignant_40,img+mtf+gasf+gadf,5,1,1,"[0.011626942083239555, 0.9883731007575989]"
Malignant_43,img+mtf+gasf+gadf,5,1,1,"[0.017640620470046997, 0.9823593497276306]"
Malignant_51,img+mtf+gasf+gadf,5,1,1,"[9.989249605268924e-08, 0.9999998807907104]"
Malignant_57,img+mtf+gasf+gadf,5,1,1,"[0.37504199147224426, 0.6249579787254333]"
Malignant_59,img+mtf+gasf+gadf,5,1,1,"[0.08009034395217896, 0.9199095964431763]"
Malignant_68,img+mtf+gasf+gadf,5,1,1,"[0.02663072943687439, 0.9733692407608032]"
Malignant_73,img+mtf+gasf+gadf,5,1,1,"[0.1569398194551468, 0.8430601954460144]"
Malignant_89,img+mtf+gasf+gadf,5,1,1,"[0.0028165660332888365, 0.9971833825111389]"
Malignant_90,img+mtf+gasf+gadf,5,1,1,"[0.00996350310742855, 0.9900364875793457]"
Malignant_91,img+mtf+gasf+gadf,5,1,1,"[0.029048455879092216, 0.9709515571594238]"
Benign_1,img+recplot+mtf+gasf+gadf,1,0,0,"[0.9867227673530579, 0.013277241960167885]"
Benign_4,img+recplot+mtf+gasf+gadf,1,0,0,"[0.9996071457862854, 0.0003928757505491376]"
Benign_7,img+recplot+mtf+gasf+gadf,1,0,0,"[0.9988148212432861, 0.0011852403404191136]"
Benign_9,img+recplot+mtf+gasf+gadf,1,0,0,"[0.9999421834945679, 5.777427213615738e-05]"
Benign_13,img+recplot+mtf+gasf+gadf,1,0,1,"[0.06904447823762894, 0.9309554696083069]"
Benign_15,img+recplot+mtf+gasf+gadf,1,0,1,"[0.15857869386672974, 0.8414213061332703]"
Benign_26,img+recplot+mtf+gasf+gadf,1,0,0,"[0.9818242192268372, 0.01817578636109829]"
Benign_36,img+recplot+mtf+gasf+gadf,1,0,0,"[0.9995115995407104, 0.0004884367226622999]"
Benign_38,img+recplot+mtf+gasf+gadf,1,0,1,"[0.18310339748859406, 0.8168965578079224]"
Benign_41,img+recplot+mtf+gasf+gadf,1,0,0,"[0.9852703809738159, 0.014729589223861694]"
Benign_43,img+recplot+mtf+gasf+gadf,1,0,0,"[0.7706860899925232, 0.22931398451328278]"
Benign_57,img+recplot+mtf+gasf+gadf,1,0,0,"[0.9904530048370361, 0.009547046385705471]"
Benign_65,img+recplot+mtf+gasf+gadf,1,0,0,"[0.9999943971633911, 5.5613463700865395e-06]"
Benign_68,img+recplot+mtf+gasf+gadf,1,0,0,"[0.98319411277771, 0.016805948689579964]"
Benign_73,img+recplot+mtf+gasf+gadf,1,0,0,"[0.998561680316925, 0.0014382838271558285]"
Malignant_6,img+recplot+mtf+gasf+gadf,1,1,1,"[0.0016799081349745393, 0.9983200430870056]"
Malignant_8,img+recplot+mtf+gasf+gadf,1,1,1,"[0.26792681217193604, 0.732073187828064]"
Malignant_15,img+recplot+mtf+gasf+gadf,1,1,1,"[0.0003442241868469864, 0.9996557235717773]"
Malignant_17,img+recplot+mtf+gasf+gadf,1,1,1,"[0.0033399087842553854, 0.9966601133346558]"
Malignant_19,img+recplot+mtf+gasf+gadf,1,1,1,"[0.02242308296263218, 0.9775769114494324]"
Malignant_20,img+recplot+mtf+gasf+gadf,1,1,1,"[0.2855992615222931, 0.7144007682800293]"
Malignant_32,img+recplot+mtf+gasf+gadf,1,1,1,"[0.0009617726318538189, 0.9990382194519043]"
Malignant_35,img+recplot+mtf+gasf+gadf,1,1,1,"[0.0013926068786531687, 0.9986074566841125]"
Malignant_46,img+recplot+mtf+gasf+gadf,1,1,1,"[0.000346719054505229, 0.9996533393859863]"
Malignant_47,img+recplot+mtf+gasf+gadf,1,1,1,"[0.0017361664213240147, 0.9982638955116272]"
Malignant_65,img+recplot+mtf+gasf+gadf,1,1,1,"[0.0020416085608303547, 0.9979584217071533]"
Malignant_66,img+recplot+mtf+gasf+gadf,1,1,1,"[0.1487734168767929, 0.8512265682220459]"
Malignant_69,img+recplot+mtf+gasf+gadf,1,1,1,"[0.00048176865675486624, 0.9995182752609253]"
Malignant_74,img+recplot+mtf+gasf+gadf,1,1,1,"[1.8368189557804726e-05, 0.9999816417694092]"
Malignant_76,img+recplot+mtf+gasf+gadf,1,1,1,"[9.629174746805802e-05, 0.999903678894043]"
Malignant_77,img+recplot+mtf+gasf+gadf,1,1,1,"[0.10559059679508209, 0.8944094181060791]"
Malignant_78,img+recplot+mtf+gasf+gadf,1,1,1,"[0.0027280307840555906, 0.9972719550132751]"
Malignant_82,img+recplot+mtf+gasf+gadf,1,1,1,"[6.273262988543138e-05, 0.9999372959136963]"
Benign_3,img+recplot+mtf+gasf+gadf,2,0,0,"[0.8726280331611633, 0.12737196683883667]"
Benign_5,img+recplot+mtf+gasf+gadf,2,0,0,"[0.7149556875228882, 0.2850443422794342]"
Benign_16,img+recplot+mtf+gasf+gadf,2,0,0,"[0.9796602129936218, 0.02033974416553974]"
Benign_22,img+recplot+mtf+gasf+gadf,2,0,0,"[0.8679614663124084, 0.13203850388526917]"
Benign_32,img+recplot+mtf+gasf+gadf,2,0,0,"[0.9975771307945251, 0.0024228664115071297]"
Benign_34,img+recplot+mtf+gasf+gadf,2,0,1,"[0.37435171008110046, 0.6256482601165771]"
Benign_39,img+recplot+mtf+gasf+gadf,2,0,0,"[0.9088349938392639, 0.0911649540066719]"
Benign_49,img+recplot+mtf+gasf+gadf,2,0,0,"[0.9954202175140381, 0.004579867236316204]"
Benign_50,img+recplot+mtf+gasf+gadf,2,0,1,"[0.4294334352016449, 0.5705665946006775]"
Benign_52,img+recplot+mtf+gasf+gadf,2,0,0,"[0.9591749310493469, 0.04082508012652397]"
Benign_54,img+recplot+mtf+gasf+gadf,2,0,1,"[0.3944658935070038, 0.6055340766906738]"
Benign_62,img+recplot+mtf+gasf+gadf,2,0,0,"[0.9977338314056396, 0.0022661585826426744]"
Benign_67,img+recplot+mtf+gasf+gadf,2,0,0,"[0.9671433568000793, 0.03285663202404976]"
Benign_69,img+recplot+mtf+gasf+gadf,2,0,0,"[0.8399734497070312, 0.16002653539180756]"
Benign_70,img+recplot+mtf+gasf+gadf,2,0,0,"[0.9945490956306458, 0.005450916010886431]"
Malignant_1,img+recplot+mtf+gasf+gadf,2,1,1,"[0.013921957463026047, 0.9860780239105225]"
Malignant_4,img+recplot+mtf+gasf+gadf,2,1,1,"[0.0022141393274068832, 0.9977858066558838]"
Malignant_10,img+recplot+mtf+gasf+gadf,2,1,1,"[0.0037654959596693516, 0.9962344765663147]"
Malignant_11,img+recplot+mtf+gasf+gadf,2,1,1,"[0.0007756120758131146, 0.9992244243621826]"
Malignant_14,img+recplot+mtf+gasf+gadf,2,1,1,"[0.0006471098749898374, 0.9993528723716736]"
Malignant_21,img+recplot+mtf+gasf+gadf,2,1,1,"[0.03798065334558487, 0.9620193839073181]"
Malignant_31,img+recplot+mtf+gasf+gadf,2,1,1,"[0.011563965119421482, 0.9884361028671265]"
Malignant_34,img+recplot+mtf+gasf+gadf,2,1,1,"[3.342549825902097e-05, 0.9999666213989258]"
Malignant_53,img+recplot+mtf+gasf+gadf,2,1,1,"[0.00013791477249469608, 0.9998620748519897]"
Malignant_54,img+recplot+mtf+gasf+gadf,2,1,1,"[0.0008223754120990634, 0.9991776347160339]"
Malignant_60,img+recplot+mtf+gasf+gadf,2,1,1,"[0.03390055522322655, 0.9660995006561279]"
Malignant_64,img+recplot+mtf+gasf+gadf,2,1,1,"[0.0007558312499895692, 0.999244213104248]"
Malignant_67,img+recplot+mtf+gasf+gadf,2,1,1,"[2.470916479069274e-05, 0.999975323677063]"
Malignant_70,img+recplot+mtf+gasf+gadf,2,1,1,"[0.32942405343055725, 0.6705759167671204]"
Malignant_72,img+recplot+mtf+gasf+gadf,2,1,1,"[0.22450926899909973, 0.7754907011985779]"
Malignant_83,img+recplot+mtf+gasf+gadf,2,1,1,"[2.5976398319471627e-05, 0.9999740123748779]"
Malignant_86,img+recplot+mtf+gasf+gadf,2,1,1,"[0.004076298791915178, 0.9959237575531006]"
Malignant_87,img+recplot+mtf+gasf+gadf,2,1,1,"[0.0002847705618478358, 0.9997151494026184]"
Benign_8,img+recplot+mtf+gasf+gadf,3,0,0,"[0.9872289896011353, 0.012771062552928925]"
Benign_12,img+recplot+mtf+gasf+gadf,3,0,0,"[0.9766179323196411, 0.02338210865855217]"
Benign_19,img+recplot+mtf+gasf+gadf,3,0,0,"[0.9372900128364563, 0.06270996481180191]"
Benign_20,img+recplot+mtf+gasf+gadf,3,0,0,"[0.9253484010696411, 0.07465160638093948]"
Benign_23,img+recplot+mtf+gasf+gadf,3,0,0,"[0.8070468306541443, 0.1929531693458557]"
Benign_24,img+recplot+mtf+gasf+gadf,3,0,0,"[0.86920166015625, 0.1307983249425888]"
Benign_28,img+recplot+mtf+gasf+gadf,3,0,0,"[0.7376936674118042, 0.2623063623905182]"
Benign_29,img+recplot+mtf+gasf+gadf,3,0,1,"[0.16095833480358124, 0.8390417098999023]"
Benign_35,img+recplot+mtf+gasf+gadf,3,0,0,"[0.9999257326126099, 7.421056943712756e-05]"
Benign_40,img+recplot+mtf+gasf+gadf,3,0,0,"[0.995149552822113, 0.004850512836128473]"
Benign_44,img+recplot+mtf+gasf+gadf,3,0,0,"[0.9976012110710144, 0.0023988618049770594]"
Benign_51,img+recplot+mtf+gasf+gadf,3,0,0,"[0.9808102250099182, 0.019189737737178802]"
Benign_58,img+recplot+mtf+gasf+gadf,3,0,0,"[0.9865597486495972, 0.013440237380564213]"
Benign_61,img+recplot+mtf+gasf+gadf,3,0,0,"[0.998872697353363, 0.0011273312848061323]"
Benign_63,img+recplot+mtf+gasf+gadf,3,0,0,"[0.9871929883956909, 0.012807033024728298]"
Malignant_2,img+recplot+mtf+gasf+gadf,3,1,1,"[0.44357529282569885, 0.5564247369766235]"
Malignant_9,img+recplot+mtf+gasf+gadf,3,1,1,"[0.23657648265361786, 0.7634235620498657]"
Malignant_13,img+recplot+mtf+gasf+gadf,3,1,1,"[0.0011707519879564643, 0.9988293051719666]"
Malignant_26,img+recplot+mtf+gasf+gadf,3,1,1,"[0.006297172512859106, 0.9937028288841248]"
Malignant_27,img+recplot+mtf+gasf+gadf,3,1,0,"[0.6668546795845032, 0.3331453204154968]"
Malignant_36,img+recplot+mtf+gasf+gadf,3,1,1,"[0.04927628114819527, 0.9507237076759338]"
Malignant_37,img+recplot+mtf+gasf+gadf,3,1,1,"[0.4472455084323883, 0.5527545213699341]"
Malignant_41,img+recplot+mtf+gasf+gadf,3,1,1,"[0.07484453916549683, 0.925155520439148]"
Malignant_45,img+recplot+mtf+gasf+gadf,3,1,1,"[0.007500201929360628, 0.9924997687339783]"
Malignant_48,img+recplot+mtf+gasf+gadf,3,1,1,"[0.008610825054347515, 0.9913892149925232]"
Malignant_50,img+recplot+mtf+gasf+gadf,3,1,1,"[0.003423453541472554, 0.9965764880180359]"
Malignant_55,img+recplot+mtf+gasf+gadf,3,1,1,"[0.06136820465326309, 0.9386318325996399]"
Malignant_56,img+recplot+mtf+gasf+gadf,3,1,1,"[0.0020070557948201895, 0.997992992401123]"
Malignant_58,img+recplot+mtf+gasf+gadf,3,1,1,"[0.005546657368540764, 0.9944533705711365]"
Malignant_62,img+recplot+mtf+gasf+gadf,3,1,1,"[0.0006175243179313838, 0.999382495880127]"
Malignant_81,img+recplot+mtf+gasf+gadf,3,1,1,"[0.03107164241373539, 0.9689283967018127]"
Malignant_84,img+recplot+mtf+gasf+gadf,3,1,1,"[0.16542617976665497, 0.8345737457275391]"
Malignant_88,img+recplot+mtf+gasf+gadf,3,1,1,"[0.007138834334909916, 0.9928612112998962]"
Benign_10,img+recplot+mtf+gasf+gadf,4,0,0,"[0.9935683608055115, 0.006431663874536753]"
Benign_14,img+recplot+mtf+gasf+gadf,4,0,0,"[0.9667492508888245, 0.033250752836465836]"
Benign_17,img+recplot+mtf+gasf+gadf,4,0,0,"[0.7233311533927917, 0.27666884660720825]"
Benign_18,img+recplot+mtf+gasf+gadf,4,0,0,"[0.9128341674804688, 0.08716587722301483]"
Benign_27,img+recplot+mtf+gasf+gadf,4,0,0,"[0.924155056476593, 0.0758449137210846]"
Benign_30,img+recplot+mtf+gasf+gadf,4,0,0,"[0.5194157958030701, 0.48058420419692993]"
Benign_31,img+recplot+mtf+gasf+gadf,4,0,1,"[0.29566270112991333, 0.7043372988700867]"
Benign_33,img+recplot+mtf+gasf+gadf,4,0,0,"[0.8091445565223694, 0.19085544347763062]"
Benign_37,img+recplot+mtf+gasf+gadf,4,0,0,"[0.5914524793624878, 0.4085475504398346]"
Benign_42,img+recplot+mtf+gasf+gadf,4,0,0,"[0.9998935461044312, 0.00010648886382114142]"
Benign_46,img+recplot+mtf+gasf+gadf,4,0,0,"[0.9906972646713257, 0.009302816353738308]"
Benign_47,img+recplot+mtf+gasf+gadf,4,0,1,"[0.27985894680023193, 0.7201410531997681]"
Benign_53,img+recplot+mtf+gasf+gadf,4,0,0,"[0.9622920751571655, 0.037707965821027756]"
Benign_66,img+recplot+mtf+gasf+gadf,4,0,0,"[0.9756298661231995, 0.024370109662413597]"
Benign_74,img+recplot+mtf+gasf+gadf,4,0,0,"[0.9966668486595154, 0.0033330933656543493]"
Malignant_5,img+recplot+mtf+gasf+gadf,4,1,1,"[3.509563975967467e-05, 0.9999649524688721]"
Malignant_12,img+recplot+mtf+gasf+gadf,4,1,1,"[0.0005997896660119295, 0.99940025806427]"
Malignant_22,img+recplot+mtf+gasf+gadf,4,1,1,"[0.49094632267951965, 0.5090537071228027]"
Malignant_23,img+recplot+mtf+gasf+gadf,4,1,1,"[7.690166057727765e-06, 0.9999922513961792]"
Malignant_28,img+recplot+mtf+gasf+gadf,4,1,1,"[0.03083488717675209, 0.9691651463508606]"
Malignant_30,img+recplot+mtf+gasf+gadf,4,1,1,"[0.00030825959402136505, 0.9996917247772217]"
Malignant_33,img+recplot+mtf+gasf+gadf,4,1,1,"[0.05380304902791977, 0.9461970329284668]"
Malignant_42,img+recplot+mtf+gasf+gadf,4,1,1,"[0.009584669023752213, 0.9904153347015381]"
Malignant_44,img+recplot+mtf+gasf+gadf,4,1,1,"[0.026353664696216583, 0.973646342754364]"
Malignant_49,img+recplot+mtf+gasf+gadf,4,1,1,"[6.080155799281783e-06, 0.9999939203262329]"
Malignant_52,img+recplot+mtf+gasf+gadf,4,1,1,"[0.001894165645353496, 0.9981057643890381]"
Malignant_61,img+recplot+mtf+gasf+gadf,4,1,1,"[0.0034041632898151875, 0.9965957999229431]"
Malignant_63,img+recplot+mtf+gasf+gadf,4,1,1,"[3.220240614609793e-05, 0.9999678134918213]"
Malignant_71,img+recplot+mtf+gasf+gadf,4,1,1,"[0.052736859768629074, 0.9472631216049194]"
Malignant_75,img+recplot+mtf+gasf+gadf,4,1,1,"[0.008265252225100994, 0.9917347431182861]"
Malignant_79,img+recplot+mtf+gasf+gadf,4,1,1,"[0.0065519786439836025, 0.9934480786323547]"
Malignant_80,img+recplot+mtf+gasf+gadf,4,1,1,"[0.00306779146194458, 0.9969321489334106]"
Malignant_85,img+recplot+mtf+gasf+gadf,4,1,1,"[0.0002650485257618129, 0.9997349381446838]"
Benign_2,img+recplot+mtf+gasf+gadf,5,0,0,"[0.9999412298202515, 5.877655348740518e-05]"
Benign_6,img+recplot+mtf+gasf+gadf,5,0,0,"[0.9999717473983765, 2.8217440558364615e-05]"
Benign_11,img+recplot+mtf+gasf+gadf,5,0,0,"[0.9999687671661377, 3.122650014120154e-05]"
Benign_21,img+recplot+mtf+gasf+gadf,5,0,0,"[0.5612379312515259, 0.4387620687484741]"
Benign_25,img+recplot+mtf+gasf+gadf,5,0,1,"[0.11844542622566223, 0.8815546035766602]"
Benign_45,img+recplot+mtf+gasf+gadf,5,0,0,"[0.9500432014465332, 0.049956802278757095]"
Benign_48,img+recplot+mtf+gasf+gadf,5,0,0,"[0.6372929215431213, 0.3627070188522339]"
Benign_55,img+recplot+mtf+gasf+gadf,5,0,0,"[0.9766721725463867, 0.023327870294451714]"
Benign_56,img+recplot+mtf+gasf+gadf,5,0,1,"[0.3102841377258301, 0.6897158026695251]"
Benign_59,img+recplot+mtf+gasf+gadf,5,0,0,"[0.9997822642326355, 0.0002177183050662279]"
Benign_60,img+recplot+mtf+gasf+gadf,5,0,0,"[0.9481772780418396, 0.051822662353515625]"
Benign_64,img+recplot+mtf+gasf+gadf,5,0,0,"[0.9991167187690735, 0.0008833176689222455]"
Benign_71,img+recplot+mtf+gasf+gadf,5,0,0,"[0.9999977350234985, 2.2847054879093776e-06]"
Benign_72,img+recplot+mtf+gasf+gadf,5,0,0,"[0.9999641180038452, 3.584953446988948e-05]"
Malignant_3,img+recplot+mtf+gasf+gadf,5,1,1,"[0.0005910426843911409, 0.9994089603424072]"
Malignant_7,img+recplot+mtf+gasf+gadf,5,1,1,"[0.3503679931163788, 0.6496319770812988]"
Malignant_16,img+recplot+mtf+gasf+gadf,5,1,0,"[0.5125280022621155, 0.48747196793556213]"
Malignant_18,img+recplot+mtf+gasf+gadf,5,1,1,"[0.3432621657848358, 0.6567378044128418]"
Malignant_24,img+recplot+mtf+gasf+gadf,5,1,1,"[0.004379626363515854, 0.9956203103065491]"
Malignant_25,img+recplot+mtf+gasf+gadf,5,1,1,"[0.013928650878369808, 0.9860714077949524]"
Malignant_29,img+recplot+mtf+gasf+gadf,5,1,1,"[2.0838479031226598e-05, 0.9999791383743286]"
Malignant_38,img+recplot+mtf+gasf+gadf,5,1,1,"[0.018898850306868553, 0.9811011552810669]"
Malignant_39,img+recplot+mtf+gasf+gadf,5,1,1,"[0.015152329578995705, 0.9848476052284241]"
Malignant_40,img+recplot+mtf+gasf+gadf,5,1,1,"[0.006386874709278345, 0.9936131834983826]"
Malignant_43,img+recplot+mtf+gasf+gadf,5,1,1,"[5.41483677807264e-05, 0.999945878982544]"
Malignant_51,img+recplot+mtf+gasf+gadf,5,1,1,"[0.0003634860913734883, 0.9996365308761597]"
Malignant_57,img+recplot+mtf+gasf+gadf,5,1,1,"[0.44282278418540955, 0.5571771860122681]"
Malignant_59,img+recplot+mtf+gasf+gadf,5,1,1,"[0.037370070815086365, 0.9626298546791077]"
Malignant_68,img+recplot+mtf+gasf+gadf,5,1,1,"[0.002195676090195775, 0.9978043437004089]"
Malignant_73,img+recplot+mtf+gasf+gadf,5,1,1,"[0.017961833626031876, 0.982038140296936]"
Malignant_89,img+recplot+mtf+gasf+gadf,5,1,1,"[0.052851103246212006, 0.9471489191055298]"
Malignant_90,img+recplot+mtf+gasf+gadf,5,1,1,"[4.327188435127027e-05, 0.9999567270278931]"
Malignant_91,img+recplot+mtf+gasf+gadf,5,1,1,"[0.007026165723800659, 0.992973804473877]"
Benign_1,recplot+mtf,1,0,1,"[0.279813289642334, 0.720186710357666]"
Benign_4,recplot+mtf,1,0,0,"[0.7201748490333557, 0.2798251807689667]"
Benign_7,recplot+mtf,1,0,0,"[0.6408246159553528, 0.35917532444000244]"
Benign_9,recplot+mtf,1,0,0,"[0.9464645385742188, 0.05353540554642677]"
Benign_13,recplot+mtf,1,0,0,"[0.884899914264679, 0.11510009318590164]"
Benign_15,recplot+mtf,1,0,1,"[0.4591503441333771, 0.5408496260643005]"
Benign_26,recplot+mtf,1,0,0,"[0.6935717463493347, 0.30642828345298767]"
Benign_36,recplot+mtf,1,0,0,"[0.8934744000434875, 0.10652554780244827]"
Benign_38,recplot+mtf,1,0,0,"[0.7543572187423706, 0.2456427663564682]"
Benign_41,recplot+mtf,1,0,1,"[0.3708702325820923, 0.6291298270225525]"
Benign_43,recplot+mtf,1,0,0,"[0.7954398989677429, 0.20456011593341827]"
Benign_57,recplot+mtf,1,0,0,"[0.9650153517723083, 0.03498462215065956]"
Benign_65,recplot+mtf,1,0,0,"[0.8199425935745239, 0.18005745112895966]"
Benign_68,recplot+mtf,1,0,0,"[0.9688423275947571, 0.031157704070210457]"
Benign_73,recplot+mtf,1,0,0,"[0.8080959320068359, 0.19190403819084167]"
Malignant_6,recplot+mtf,1,1,1,"[0.33994489908218384, 0.6600551009178162]"
Malignant_8,recplot+mtf,1,1,1,"[0.04971460998058319, 0.9502853751182556]"
Malignant_15,recplot+mtf,1,1,1,"[0.0064352392219007015, 0.993564784526825]"
Malignant_17,recplot+mtf,1,1,1,"[0.12754911184310913, 0.8724508285522461]"
Malignant_19,recplot+mtf,1,1,1,"[0.48157140612602234, 0.5184285640716553]"
Malignant_20,recplot+mtf,1,1,0,"[0.774453341960907, 0.2255467176437378]"
Malignant_32,recplot+mtf,1,1,1,"[0.04364422708749771, 0.9563558101654053]"
Malignant_35,recplot+mtf,1,1,1,"[0.1944342404603958, 0.8055657744407654]"
Malignant_46,recplot+mtf,1,1,1,"[0.1543428748846054, 0.8456571698188782]"
Malignant_47,recplot+mtf,1,1,1,"[0.18046267330646515, 0.819537341594696]"
Malignant_65,recplot+mtf,1,1,1,"[0.03708190098404884, 0.9629180431365967]"
Malignant_66,recplot+mtf,1,1,1,"[0.4302803874015808, 0.5697195529937744]"
Malignant_69,recplot+mtf,1,1,0,"[0.5174866318702698, 0.4825133979320526]"
Malignant_74,recplot+mtf,1,1,1,"[0.08306523412466049, 0.9169347882270813]"
Malignant_76,recplot+mtf,1,1,1,"[0.11726123839616776, 0.8827387690544128]"
Malignant_77,recplot+mtf,1,1,0,"[0.5940884351730347, 0.4059115946292877]"
Malignant_78,recplot+mtf,1,1,1,"[0.10119355469942093, 0.8988064527511597]"
Malignant_82,recplot+mtf,1,1,1,"[0.27944454550743103, 0.7205554842948914]"
Benign_3,recplot+mtf,2,0,0,"[0.9343267679214478, 0.06567323952913284]"
Benign_5,recplot+mtf,2,0,0,"[0.844763994216919, 0.15523593127727509]"
Benign_16,recplot+mtf,2,0,1,"[0.015671178698539734, 0.9843288660049438]"
Benign_22,recplot+mtf,2,0,0,"[0.9993374943733215, 0.000662469130475074]"
Benign_32,recplot+mtf,2,0,0,"[0.7633630633354187, 0.2366369366645813]"
Benign_34,recplot+mtf,2,0,0,"[0.9988993406295776, 0.0011006182758137584]"
Benign_39,recplot+mtf,2,0,1,"[0.005703105125576258, 0.9942968487739563]"
Benign_49,recplot+mtf,2,0,0,"[0.9571760892868042, 0.042823854833841324]"
Benign_50,recplot+mtf,2,0,0,"[0.9197471141815186, 0.08025283366441727]"
Benign_52,recplot+mtf,2,0,1,"[0.0010595729108899832, 0.9989404082298279]"
Benign_54,recplot+mtf,2,0,0,"[0.9582301378250122, 0.04176986217498779]"
Benign_62,recplot+mtf,2,0,1,"[0.30659574270248413, 0.6934041976928711]"
Benign_67,recplot+mtf,2,0,0,"[0.8160253763198853, 0.18397462368011475]"
Benign_69,recplot+mtf,2,0,0,"[0.9350863099098206, 0.06491369754076004]"
Benign_70,recplot+mtf,2,0,0,"[0.7700044512748718, 0.22999553382396698]"
Malignant_1,recplot+mtf,2,1,1,"[0.0030491233337670565, 0.9969508647918701]"
Malignant_4,recplot+mtf,2,1,1,"[0.009200368076562881, 0.990799605846405]"
Malignant_10,recplot+mtf,2,1,1,"[0.00011919644748559222, 0.9998807907104492]"
Malignant_11,recplot+mtf,2,1,1,"[0.004182831384241581, 0.9958171248435974]"
Malignant_14,recplot+mtf,2,1,0,"[0.724445104598999, 0.2755548655986786]"
Malignant_21,recplot+mtf,2,1,1,"[0.46197110414505005, 0.53802889585495]"
Malignant_31,recplot+mtf,2,1,1,"[0.12349676340818405, 0.8765031695365906]"
Malignant_34,recplot+mtf,2,1,0,"[0.6246034502983093, 0.37539657950401306]"
Malignant_53,recplot+mtf,2,1,1,"[0.004148191772401333, 0.9958518743515015]"
Malignant_54,recplot+mtf,2,1,0,"[0.6159380078315735, 0.3840620219707489]"
Malignant_60,recplot+mtf,2,1,1,"[1.9044695363845676e-05, 0.9999809265136719]"
Malignant_64,recplot+mtf,2,1,1,"[0.0069275349378585815, 0.9930724501609802]"
Malignant_67,recplot+mtf,2,1,1,"[0.009070659056305885, 0.9909293055534363]"
Malignant_70,recplot+mtf,2,1,1,"[0.033273451030254364, 0.966726541519165]"
Malignant_72,recplot+mtf,2,1,1,"[0.0007219167309813201, 0.9992781281471252]"
Malignant_83,recplot+mtf,2,1,1,"[0.1192711740732193, 0.8807287812232971]"
Malignant_86,recplot+mtf,2,1,1,"[6.730153017997509e-06, 0.9999933242797852]"
Malignant_87,recplot+mtf,2,1,1,"[0.002538888016715646, 0.9974610805511475]"
Benign_8,recplot+mtf,3,0,0,"[0.9995531439781189, 0.0004468704864848405]"
Benign_12,recplot+mtf,3,0,1,"[0.07259582728147507, 0.9274041652679443]"
Benign_19,recplot+mtf,3,0,0,"[0.9964103102684021, 0.0035896673798561096]"
Benign_20,recplot+mtf,3,0,0,"[0.999795138835907, 0.00020487519213929772]"
Benign_23,recplot+mtf,3,0,0,"[0.9614103436470032, 0.038589660078287125]"
Benign_24,recplot+mtf,3,0,0,"[0.9061676859855652, 0.09383229911327362]"
Benign_28,recplot+mtf,3,0,1,"[0.3276050388813019, 0.6723950505256653]"
Benign_29,recplot+mtf,3,0,0,"[0.9833711385726929, 0.01662883721292019]"
Benign_35,recplot+mtf,3,0,0,"[0.9994357228279114, 0.0005642701289616525]"
Benign_40,recplot+mtf,3,0,0,"[0.9969936609268188, 0.0030062857549637556]"
Benign_44,recplot+mtf,3,0,0,"[0.9994331002235413, 0.0005668267840519547]"
Benign_51,recplot+mtf,3,0,0,"[0.8008532524108887, 0.19914676249027252]"
Benign_58,recplot+mtf,3,0,0,"[0.8220828175544739, 0.17791713774204254]"
Benign_61,recplot+mtf,3,0,0,"[0.9990399479866028, 0.0009600486955605447]"
Benign_63,recplot+mtf,3,0,1,"[0.07284383475780487, 0.9271562099456787]"
Malignant_2,recplot+mtf,3,1,1,"[0.008532039821147919, 0.9914679527282715]"
Malignant_9,recplot+mtf,3,1,0,"[0.9746711850166321, 0.02532879263162613]"
Malignant_13,recplot+mtf,3,1,1,"[8.586471085436642e-05, 0.9999141693115234]"
Malignant_26,recplot+mtf,3,1,1,"[0.0008786923717707396, 0.999121367931366]"
Malignant_27,recplot+mtf,3,1,1,"[0.171365424990654, 0.8286346197128296]"
Malignant_36,recplot+mtf,3,1,1,"[0.3041694462299347, 0.6958305835723877]"
Malignant_37,recplot+mtf,3,1,1,"[0.0020421426743268967, 0.9979578256607056]"
Malignant_41,recplot+mtf,3,1,1,"[0.016761142760515213, 0.9832388162612915]"
Malignant_45,recplot+mtf,3,1,1,"[5.626548045256641e-06, 0.9999943971633911]"
Malignant_48,recplot+mtf,3,1,1,"[1.1201429515494965e-05, 0.9999887943267822]"
Malignant_50,recplot+mtf,3,1,0,"[0.5766876935958862, 0.42331233620643616]"
Malignant_55,recplot+mtf,3,1,1,"[0.13720180094242096, 0.8627982139587402]"
Malignant_56,recplot+mtf,3,1,1,"[0.02238425984978676, 0.9776157736778259]"
Malignant_58,recplot+mtf,3,1,1,"[0.008609876036643982, 0.9913901090621948]"
Malignant_62,recplot+mtf,3,1,1,"[0.01806718111038208, 0.9819328188896179]"
Malignant_81,recplot+mtf,3,1,1,"[6.783025310141966e-05, 0.9999321699142456]"
Malignant_84,recplot+mtf,3,1,1,"[2.978458724101074e-05, 0.9999701976776123]"
Malignant_88,recplot+mtf,3,1,1,"[0.00019215824431739748, 0.9998078942298889]"
Benign_10,recplot+mtf,4,0,0,"[0.9998646974563599, 0.0001352543185930699]"
Benign_14,recplot+mtf,4,0,0,"[0.9356892108917236, 0.06431081891059875]"
Benign_17,recplot+mtf,4,0,0,"[0.9211365580558777, 0.0788634642958641]"
Benign_18,recplot+mtf,4,0,0,"[0.7298969030380249, 0.2701030671596527]"
Benign_27,recplot+mtf,4,0,0,"[0.9863073229789734, 0.013692671433091164]"
Benign_30,recplot+mtf,4,0,0,"[0.999467670917511, 0.0005323642981238663]"
Benign_31,recplot+mtf,4,0,1,"[0.47076553106307983, 0.5292344689369202]"
Benign_33,recplot+mtf,4,0,0,"[0.9829061031341553, 0.01709396205842495]"
Benign_37,recplot+mtf,4,0,1,"[0.02284487895667553, 0.9771551489830017]"
Benign_42,recplot+mtf,4,0,0,"[0.5746583342552185, 0.4253416657447815]"
Benign_46,recplot+mtf,4,0,0,"[0.9999420642852783, 5.792344018118456e-05]"
Benign_47,recplot+mtf,4,0,0,"[0.9988804459571838, 0.0011194950202479959]"
Benign_53,recplot+mtf,4,0,0,"[0.9999979734420776, 1.96718383449479e-06]"
Benign_66,recplot+mtf,4,0,0,"[0.9994275569915771, 0.0005724827642552555]"
Benign_74,recplot+mtf,4,0,0,"[0.9951058626174927, 0.004894143436104059]"
Malignant_5,recplot+mtf,4,1,1,"[4.8625839554006234e-05, 0.9999513626098633]"
Malignant_12,recplot+mtf,4,1,1,"[9.404691809322685e-05, 0.9999059438705444]"
Malignant_22,recplot+mtf,4,1,1,"[0.010239391587674618, 0.9897605776786804]"
Malignant_23,recplot+mtf,4,1,1,"[2.3513053747592494e-05, 0.9999765157699585]"
Malignant_28,recplot+mtf,4,1,1,"[1.837521449488122e-05, 0.9999816417694092]"
Malignant_30,recplot+mtf,4,1,1,"[4.911677388008684e-05, 0.9999508857727051]"
Malignant_33,recplot+mtf,4,1,1,"[0.0012191481655463576, 0.9987809062004089]"
Malignant_42,recplot+mtf,4,1,1,"[0.0002731559507083148, 0.9997268319129944]"
Malignant_44,recplot+mtf,4,1,0,"[0.9819592833518982, 0.018040748313069344]"
Malignant_49,recplot+mtf,4,1,1,"[0.020387573167681694, 0.979612410068512]"
Malignant_52,recplot+mtf,4,1,1,"[0.04958084970712662, 0.9504190683364868]"
Malignant_61,recplot+mtf,4,1,1,"[0.01864389330148697, 0.9813560247421265]"
Malignant_63,recplot+mtf,4,1,1,"[0.012061783112585545, 0.9879382252693176]"
Malignant_71,recplot+mtf,4,1,0,"[0.5044565200805664, 0.495543509721756]"
Malignant_75,recplot+mtf,4,1,1,"[0.0036333047319203615, 0.9963666200637817]"
Malignant_79,recplot+mtf,4,1,1,"[0.00918494164943695, 0.9908150434494019]"
Malignant_80,recplot+mtf,4,1,1,"[3.843740705633536e-05, 0.9999616146087646]"
Malignant_85,recplot+mtf,4,1,1,"[0.0013918272452428937, 0.9986081719398499]"
Benign_2,recplot+mtf,5,0,0,"[0.9919419288635254, 0.008058087900280952]"
Benign_6,recplot+mtf,5,0,1,"[0.4759538471698761, 0.5240462422370911]"
Benign_11,recplot+mtf,5,0,0,"[0.9993427395820618, 0.0006572134443558753]"
Benign_21,recplot+mtf,5,0,1,"[0.4377719461917877, 0.5622280836105347]"
Benign_25,recplot+mtf,5,0,0,"[0.9998202919960022, 0.00017977156676352024]"
Benign_45,recplot+mtf,5,0,1,"[0.48947668075561523, 0.5105233192443848]"
Benign_48,recplot+mtf,5,0,0,"[0.9998947381973267, 0.00010524955723667517]"
Benign_55,recplot+mtf,5,0,0,"[0.9999237060546875, 7.634095527464524e-05]"
Benign_56,recplot+mtf,5,0,1,"[0.07883459329605103, 0.9211654663085938]"
Benign_59,recplot+mtf,5,0,0,"[0.9202587008476257, 0.07974126935005188]"
Benign_60,recplot+mtf,5,0,0,"[0.9988160133361816, 0.0011840048246085644]"
Benign_64,recplot+mtf,5,0,0,"[0.9990659356117249, 0.0009340935503132641]"
Benign_71,recplot+mtf,5,0,0,"[0.9151155352592468, 0.08488444983959198]"
Benign_72,recplot+mtf,5,0,0,"[0.8812688589096069, 0.11873111873865128]"
Malignant_3,recplot+mtf,5,1,1,"[0.0028784561436623335, 0.9971215128898621]"
Malignant_7,recplot+mtf,5,1,1,"[0.28250354528427124, 0.717496395111084]"
Malignant_16,recplot+mtf,5,1,0,"[0.9327204823493958, 0.06727952510118484]"
Malignant_18,recplot+mtf,5,1,1,"[0.3421405851840973, 0.6578593850135803]"
Malignant_24,recplot+mtf,5,1,1,"[0.03328080102801323, 0.9667191505432129]"
Malignant_25,recplot+mtf,5,1,1,"[0.013583933003246784, 0.9864161014556885]"
Malignant_29,recplot+mtf,5,1,1,"[2.547322765167337e-05, 0.9999744892120361]"
Malignant_38,recplot+mtf,5,1,1,"[0.09728299826383591, 0.9027169942855835]"
Malignant_39,recplot+mtf,5,1,1,"[0.006389613263309002, 0.9936103224754333]"
Malignant_40,recplot+mtf,5,1,1,"[0.20709814131259918, 0.7929018139839172]"
Malignant_43,recplot+mtf,5,1,1,"[0.0013963324017822742, 0.9986036419868469]"
Malignant_51,recplot+mtf,5,1,1,"[0.46544349193573, 0.53455650806427]"
Malignant_57,recplot+mtf,5,1,1,"[0.008036657236516476, 0.991963267326355]"
Malignant_59,recplot+mtf,5,1,1,"[0.03739133104681969, 0.9626086950302124]"
Malignant_68,recplot+mtf,5,1,1,"[0.01851552538573742, 0.9814844131469727]"
Malignant_73,recplot+mtf,5,1,1,"[0.25638654828071594, 0.7436134219169617]"
Malignant_89,recplot+mtf,5,1,1,"[0.0002555143437348306, 0.9997444748878479]"
Malignant_90,recplot+mtf,5,1,1,"[0.0037661935202777386, 0.9962337613105774]"
Malignant_91,recplot+mtf,5,1,1,"[0.0064529674127697945, 0.9935470223426819]"
Benign_1,recplot+gasf,1,0,0,"[0.9934042096138, 0.006595774088054895]"
Benign_4,recplot+gasf,1,0,1,"[0.3556331992149353, 0.6443668007850647]"
Benign_7,recplot+gasf,1,0,1,"[0.4377076327800751, 0.5622924566268921]"
Benign_9,recplot+gasf,1,0,0,"[0.943560779094696, 0.05643927678465843]"
Benign_13,recplot+gasf,1,0,0,"[0.9919840693473816, 0.00801596324890852]"
Benign_15,recplot+gasf,1,0,1,"[0.0013299647253006697, 0.9986701011657715]"
Benign_26,recplot+gasf,1,0,1,"[0.03014342486858368, 0.9698566198348999]"
Benign_36,recplot+gasf,1,0,0,"[0.9998723268508911, 0.000127699866425246]"
Benign_38,recplot+gasf,1,0,0,"[0.9924595952033997, 0.007540382910519838]"
Benign_41,recplot+gasf,1,0,0,"[0.9745712280273438, 0.025428852066397667]"
Benign_43,recplot+gasf,1,0,0,"[0.9999808073043823, 1.9193988919141702e-05]"
Benign_57,recplot+gasf,1,0,0,"[0.9997242093086243, 0.00027572744875214994]"
Benign_65,recplot+gasf,1,0,1,"[0.3145439922809601, 0.6854560375213623]"
Benign_68,recplot+gasf,1,0,0,"[0.999947190284729, 5.286106534185819e-05]"
Benign_73,recplot+gasf,1,0,0,"[0.9973568916320801, 0.0026431356091052294]"
Malignant_6,recplot+gasf,1,1,1,"[0.0034074520226567984, 0.9965924620628357]"
Malignant_8,recplot+gasf,1,1,1,"[5.8747023103933316e-06, 0.999994158744812]"
Malignant_15,recplot+gasf,1,1,1,"[1.7771770217223093e-05, 0.9999822378158569]"
Malignant_17,recplot+gasf,1,1,1,"[8.53956735227257e-05, 0.9999146461486816]"
Malignant_19,recplot+gasf,1,1,1,"[0.00041987234726548195, 0.9995800852775574]"
Malignant_20,recplot+gasf,1,1,1,"[0.0003556617593858391, 0.9996442794799805]"
Malignant_32,recplot+gasf,1,1,1,"[0.004608664195984602, 0.9953913688659668]"
Malignant_35,recplot+gasf,1,1,0,"[0.7230496406555176, 0.27695029973983765]"
Malignant_46,recplot+gasf,1,1,1,"[1.0347660463594366e-05, 0.9999896287918091]"
Malignant_47,recplot+gasf,1,1,1,"[0.00046410775394178927, 0.9995359182357788]"
Malignant_65,recplot+gasf,1,1,1,"[9.030518413055688e-05, 0.9999096393585205]"
Malignant_66,recplot+gasf,1,1,1,"[0.3087833821773529, 0.6912166476249695]"
Malignant_69,recplot+gasf,1,1,1,"[0.0002216227148892358, 0.9997783303260803]"
Malignant_74,recplot+gasf,1,1,1,"[6.75022693030769e-06, 0.9999932050704956]"
Malignant_76,recplot+gasf,1,1,1,"[4.731665285362396e-06, 0.999995231628418]"
Malignant_77,recplot+gasf,1,1,0,"[0.9998224377632141, 0.00017756709712557495]"
Malignant_78,recplot+gasf,1,1,1,"[4.624464054359123e-05, 0.9999537467956543]"
Malignant_82,recplot+gasf,1,1,1,"[5.727936695620883e-06, 0.9999942779541016]"
Benign_3,recplot+gasf,2,0,0,"[0.9985107779502869, 0.0014891853788867593]"
Benign_5,recplot+gasf,2,0,0,"[0.9991239905357361, 0.0008759979391470551]"
Benign_16,recplot+gasf,2,0,1,"[0.071317158639431, 0.928682804107666]"
Benign_22,recplot+gasf,2,0,0,"[0.9999762773513794, 2.3750020773150027e-05]"
Benign_32,recplot+gasf,2,0,1,"[0.3826921582221985, 0.6173078417778015]"
Benign_34,recplot+gasf,2,0,0,"[0.9999043941497803, 9.558293095324188e-05]"
Benign_39,recplot+gasf,2,0,1,"[6.757574738003314e-05, 0.9999324083328247]"
Benign_49,recplot+gasf,2,0,0,"[0.8668683767318726, 0.13313160836696625]"
Benign_50,recplot+gasf,2,0,0,"[0.992537796497345, 0.007462183013558388]"
Benign_52,recplot+gasf,2,0,0,"[0.9748415350914001, 0.025158412754535675]"
Benign_54,recplot+gasf,2,0,0,"[0.8995041251182556, 0.10049590468406677]"
Benign_62,recplot+gasf,2,0,0,"[0.9965452551841736, 0.0034547215327620506]"
Benign_67,recplot+gasf,2,0,0,"[0.9996045231819153, 0.0003955550491809845]"
Benign_69,recplot+gasf,2,0,0,"[0.9980216026306152, 0.0019784632604569197]"
Benign_70,recplot+gasf,2,0,0,"[0.7672130465507507, 0.23278696835041046]"
Malignant_1,recplot+gasf,2,1,1,"[0.003317038295790553, 0.9966829419136047]"
Malignant_4,recplot+gasf,2,1,1,"[0.00041157688247039914, 0.9995884299278259]"
Malignant_10,recplot+gasf,2,1,1,"[2.0722351109725423e-05, 0.9999792575836182]"
Malignant_11,recplot+gasf,2,1,1,"[0.011694916523993015, 0.9883050918579102]"
Malignant_14,recplot+gasf,2,1,1,"[0.0001245010644197464, 0.9998754262924194]"
Malignant_21,recplot+gasf,2,1,1,"[0.14499789476394653, 0.8550021052360535]"
Malignant_31,recplot+gasf,2,1,1,"[0.0017037594225257635, 0.9982962012290955]"
Malignant_34,recplot+gasf,2,1,1,"[0.0020825029350817204, 0.9979174733161926]"
Malignant_53,recplot+gasf,2,1,1,"[0.035983599722385406, 0.964016318321228]"
Malignant_54,recplot+gasf,2,1,1,"[0.09058631211519241, 0.9094136357307434]"
Malignant_60,recplot+gasf,2,1,1,"[4.834315041080117e-05, 0.9999516010284424]"
Malignant_64,recplot+gasf,2,1,1,"[0.00036876482772640884, 0.9996311664581299]"
Malignant_67,recplot+gasf,2,1,1,"[1.7054615454981104e-05, 0.9999829530715942]"
Malignant_70,recplot+gasf,2,1,1,"[0.005086125805974007, 0.9949138164520264]"
Malignant_72,recplot+gasf,2,1,1,"[0.0005073235952295363, 0.9994926452636719]"
Malignant_83,recplot+gasf,2,1,1,"[0.00019008155504707247, 0.9998099207878113]"
Malignant_86,recplot+gasf,2,1,1,"[6.276068597799167e-05, 0.9999371767044067]"
Malignant_87,recplot+gasf,2,1,1,"[0.04002974554896355, 0.959970235824585]"
Benign_8,recplot+gasf,3,0,0,"[0.9915252327919006, 0.008474770933389664]"
Benign_12,recplot+gasf,3,0,0,"[0.8365769386291504, 0.16342304646968842]"
Benign_19,recplot+gasf,3,0,0,"[0.886693000793457, 0.11330699920654297]"
Benign_20,recplot+gasf,3,0,1,"[0.00188774976413697, 0.9981122016906738]"
Benign_23,recplot+gasf,3,0,1,"[0.08615569770336151, 0.9138442873954773]"
Benign_24,recplot+gasf,3,0,0,"[0.8457279205322266, 0.15427203476428986]"
Benign_28,recplot+gasf,3,0,0,"[0.9951163530349731, 0.0048836697824299335]"
Benign_29,recplot+gasf,3,0,0,"[0.978760838508606, 0.02123914286494255]"
Benign_35,recplot+gasf,3,0,0,"[0.9609257578849792, 0.039074283093214035]"
Benign_40,recplot+gasf,3,0,0,"[0.9764639139175415, 0.023536087945103645]"
Benign_44,recplot+gasf,3,0,0,"[0.9654796123504639, 0.03452037647366524]"
Benign_51,recplot+gasf,3,0,0,"[0.8722079396247864, 0.12779207527637482]"
Benign_58,recplot+gasf,3,0,0,"[0.5500169992446899, 0.44998300075531006]"
Benign_61,recplot+gasf,3,0,0,"[0.954470157623291, 0.04552983492612839]"
Benign_63,recplot+gasf,3,0,1,"[0.38634413480758667, 0.6136559247970581]"
Malignant_2,recplot+gasf,3,1,1,"[0.007699362002313137, 0.9923006296157837]"
Malignant_9,recplot+gasf,3,1,1,"[0.15009915828704834, 0.8499008417129517]"
Malignant_13,recplot+gasf,3,1,1,"[0.002685540821403265, 0.9973143935203552]"
Malignant_26,recplot+gasf,3,1,1,"[0.005264481529593468, 0.9947355389595032]"
Malignant_27,recplot+gasf,3,1,1,"[0.004051289055496454, 0.9959486722946167]"
Malignant_36,recplot+gasf,3,1,1,"[0.06221982091665268, 0.9377802014350891]"
Malignant_37,recplot+gasf,3,1,1,"[0.024861887097358704, 0.9751381278038025]"
Malignant_41,recplot+gasf,3,1,1,"[1.867237369879149e-05, 0.9999812841415405]"
Malignant_45,recplot+gasf,3,1,1,"[0.0013137995265424252, 0.9986862540245056]"
Malignant_48,recplot+gasf,3,1,1,"[0.003844194347038865, 0.9961557984352112]"
Malignant_50,recplot+gasf,3,1,0,"[0.6273473501205444, 0.37265264987945557]"
Malignant_55,recplot+gasf,3,1,1,"[0.0007608101586811244, 0.9992392063140869]"
Malignant_56,recplot+gasf,3,1,1,"[4.245356649335008e-06, 0.9999957084655762]"
Malignant_58,recplot+gasf,3,1,1,"[0.4738232493400574, 0.5261767506599426]"
Malignant_62,recplot+gasf,3,1,0,"[0.7579256892204285, 0.24207434058189392]"
Malignant_81,recplot+gasf,3,1,1,"[0.0027583972550928593, 0.9972416162490845]"
Malignant_84,recplot+gasf,3,1,1,"[1.6407078874181025e-05, 0.999983549118042]"
Malignant_88,recplot+gasf,3,1,1,"[0.001231674337759614, 0.9987682700157166]"
Benign_10,recplot+gasf,4,0,0,"[0.9934993982315063, 0.006500570103526115]"
Benign_14,recplot+gasf,4,0,0,"[0.9998013377189636, 0.0001986967836273834]"
Benign_17,recplot+gasf,4,0,0,"[0.9841808080673218, 0.01581922359764576]"
Benign_18,recplot+gasf,4,0,0,"[0.9997827410697937, 0.00021724801626987755]"
Benign_27,recplot+gasf,4,0,0,"[0.9998881816864014, 0.0001118188738473691]"
Benign_30,recplot+gasf,4,0,1,"[0.007299715653061867, 0.9927002787590027]"
Benign_31,recplot+gasf,4,0,0,"[0.991418719291687, 0.008581232279539108]"
Benign_33,recplot+gasf,4,0,0,"[0.9985070824623108, 0.001492904033511877]"
Benign_37,recplot+gasf,4,0,0,"[0.5347491502761841, 0.46525081992149353]"
Benign_42,recplot+gasf,4,0,1,"[0.26435789465904236, 0.73564213514328]"
Benign_46,recplot+gasf,4,0,0,"[0.9996078610420227, 0.0003921322349924594]"
Benign_47,recplot+gasf,4,0,0,"[0.9994966983795166, 0.0005032487097196281]"
Benign_53,recplot+gasf,4,0,0,"[0.9972748160362244, 0.002725206781178713]"
Benign_66,recplot+gasf,4,0,0,"[0.9985820055007935, 0.0014180067228153348]"
Benign_74,recplot+gasf,4,0,0,"[0.9965894222259521, 0.0034106161911040545]"
Malignant_5,recplot+gasf,4,1,1,"[0.0016258188989013433, 0.9983741044998169]"
Malignant_12,recplot+gasf,4,1,1,"[0.0020330515690147877, 0.9979669451713562]"
Malignant_22,recplot+gasf,4,1,1,"[0.03630102053284645, 0.9636989235877991]"
Malignant_23,recplot+gasf,4,1,1,"[0.0024042718578130007, 0.9975957274436951]"
Malignant_28,recplot+gasf,4,1,1,"[0.0003681820526253432, 0.9996317625045776]"
Malignant_30,recplot+gasf,4,1,1,"[0.00014799444761592895, 0.9998519420623779]"
Malignant_33,recplot+gasf,4,1,1,"[0.04470064118504524, 0.9552993774414062]"
Malignant_42,recplot+gasf,4,1,1,"[0.0015397341921925545, 0.9984602928161621]"
Malignant_44,recplot+gasf,4,1,1,"[0.006500849965959787, 0.9934991598129272]"
Malignant_49,recplot+gasf,4,1,1,"[0.01692965254187584, 0.9830703139305115]"
Malignant_52,recplot+gasf,4,1,1,"[0.015469934791326523, 0.9845300912857056]"
Malignant_61,recplot+gasf,4,1,1,"[0.030401330441236496, 0.969598650932312]"
Malignant_63,recplot+gasf,4,1,1,"[0.20341284573078156, 0.7965871691703796]"
Malignant_71,recplot+gasf,4,1,0,"[0.74700927734375, 0.2529907524585724]"
Malignant_75,recplot+gasf,4,1,1,"[0.15962576866149902, 0.840374231338501]"
Malignant_79,recplot+gasf,4,1,1,"[0.061486776918172836, 0.9385132789611816]"
Malignant_80,recplot+gasf,4,1,1,"[0.026033420115709305, 0.9739665985107422]"
Malignant_85,recplot+gasf,4,1,1,"[0.03164708986878395, 0.9683529138565063]"
Benign_2,recplot+gasf,5,0,0,"[0.9993516802787781, 0.0006483070901595056]"
Benign_6,recplot+gasf,5,0,0,"[0.9666264653205872, 0.03337353840470314]"
Benign_11,recplot+gasf,5,0,0,"[0.9207410216331482, 0.07925895601511002]"
Benign_21,recplot+gasf,5,0,0,"[0.9876496195793152, 0.012350371107459068]"
Benign_25,recplot+gasf,5,0,0,"[0.9936738014221191, 0.006326212082058191]"
Benign_45,recplot+gasf,5,0,0,"[0.6141433119773865, 0.3858567178249359]"
Benign_48,recplot+gasf,5,0,0,"[0.9999939203262329, 6.128362656454556e-06]"
Benign_55,recplot+gasf,5,0,0,"[0.9997205138206482, 0.00027948126080445945]"
Benign_56,recplot+gasf,5,0,1,"[0.05567822977900505, 0.9443218111991882]"
Benign_59,recplot+gasf,5,0,0,"[0.9997753500938416, 0.0002246152434963733]"
Benign_60,recplot+gasf,5,0,0,"[0.999751627445221, 0.0002483529387973249]"
Benign_64,recplot+gasf,5,0,0,"[0.9996645450592041, 0.00033550270018167794]"
Benign_71,recplot+gasf,5,0,1,"[0.002923139836639166, 0.9970768690109253]"
Benign_72,recplot+gasf,5,0,0,"[0.9998667240142822, 0.00013331268564797938]"
Malignant_3,recplot+gasf,5,1,1,"[0.00010361888416809961, 0.9998964071273804]"
Malignant_7,recplot+gasf,5,1,1,"[0.01236194558441639, 0.9876381158828735]"
Malignant_16,recplot+gasf,5,1,1,"[0.0014853008324280381, 0.998514711856842]"
Malignant_18,recplot+gasf,5,1,1,"[0.000516469357535243, 0.9994834661483765]"
Malignant_24,recplot+gasf,5,1,1,"[0.11421722918748856, 0.885782778263092]"
Malignant_25,recplot+gasf,5,1,1,"[0.0007253308431245387, 0.9992746710777283]"
Malignant_29,recplot+gasf,5,1,1,"[9.590274567017332e-05, 0.9999040365219116]"
Malignant_38,recplot+gasf,5,1,1,"[0.00022467586677521467, 0.9997753500938416]"
Malignant_39,recplot+gasf,5,1,1,"[0.001282684039324522, 0.9987173080444336]"
Malignant_40,recplot+gasf,5,1,1,"[0.0028831777162849903, 0.9971168041229248]"
Malignant_43,recplot+gasf,5,1,1,"[0.00035130325704813004, 0.9996486902236938]"
Malignant_51,recplot+gasf,5,1,1,"[0.055756326764822006, 0.9442436695098877]"
Malignant_57,recplot+gasf,5,1,1,"[6.339546962408349e-05, 0.999936580657959]"
Malignant_59,recplot+gasf,5,1,1,"[0.002897035563364625, 0.9971029162406921]"
Malignant_68,recplot+gasf,5,1,1,"[0.17044846713542938, 0.8295515775680542]"
Malignant_73,recplot+gasf,5,1,1,"[0.00025011759134940803, 0.9997498393058777]"
Malignant_89,recplot+gasf,5,1,1,"[0.00011007120338035747, 0.9998899698257446]"
Malignant_90,recplot+gasf,5,1,1,"[0.0005801533698104322, 0.9994198083877563]"
Malignant_91,recplot+gasf,5,1,1,"[0.00010667129390640184, 0.999893307685852]"
Benign_1,recplot+gadf,1,0,0,"[0.9997463822364807, 0.0002536405227147043]"
Benign_4,recplot+gadf,1,0,0,"[0.9963651895523071, 0.0036347343120723963]"
Benign_7,recplot+gadf,1,0,0,"[0.9849854707717896, 0.015014486387372017]"
Benign_9,recplot+gadf,1,0,0,"[0.9968505501747131, 0.0031494623981416225]"
Benign_13,recplot+gadf,1,0,0,"[0.9971107244491577, 0.002889198949560523]"
Benign_15,recplot+gadf,1,0,1,"[0.009372335858643055, 0.990627646446228]"
Benign_26,recplot+gadf,1,0,1,"[0.1813730001449585, 0.8186269402503967]"
Benign_36,recplot+gadf,1,0,0,"[0.9978740215301514, 0.002125936094671488]"
Benign_38,recplot+gadf,1,0,0,"[0.9929277300834656, 0.007072278298437595]"
Benign_41,recplot+gadf,1,0,0,"[0.9970288872718811, 0.0029711583629250526]"
Benign_43,recplot+gadf,1,0,0,"[0.9996597766876221, 0.0003402041911613196]"
Benign_57,recplot+gadf,1,0,0,"[0.9998064637184143, 0.0001935192267410457]"
Benign_65,recplot+gadf,1,0,0,"[0.5819404125213623, 0.4180596172809601]"
Benign_68,recplot+gadf,1,0,0,"[0.9996045231819153, 0.000395491486415267]"
Benign_73,recplot+gadf,1,0,0,"[0.9988178610801697, 0.0011820512590929866]"
Malignant_6,recplot+gadf,1,1,1,"[0.026119399815797806, 0.9738805890083313]"
Malignant_8,recplot+gadf,1,1,1,"[2.6872463422478177e-05, 0.9999731779098511]"
Malignant_15,recplot+gadf,1,1,1,"[0.00013007919187657535, 0.9998699426651001]"
Malignant_17,recplot+gadf,1,1,1,"[0.003694061888381839, 0.9963059425354004]"
Malignant_19,recplot+gadf,1,1,1,"[0.015544493682682514, 0.9844554662704468]"
Malignant_20,recplot+gadf,1,1,1,"[0.00097467697924003, 0.9990253448486328]"
Malignant_32,recplot+gadf,1,1,1,"[0.028891416266560555, 0.971108615398407]"
Malignant_35,recplot+gadf,1,1,0,"[0.9531978368759155, 0.04680221527814865]"
Malignant_46,recplot+gadf,1,1,1,"[0.0008442191174253821, 0.9991557598114014]"
Malignant_47,recplot+gadf,1,1,1,"[0.029745502397418022, 0.9702544808387756]"
Malignant_65,recplot+gadf,1,1,1,"[0.0010888921096920967, 0.9989111423492432]"
Malignant_66,recplot+gadf,1,1,0,"[0.9916348457336426, 0.0083651477470994]"
Malignant_69,recplot+gadf,1,1,1,"[0.0029828755650669336, 0.9970171451568604]"
Malignant_74,recplot+gadf,1,1,1,"[0.00025578198255971074, 0.9997442364692688]"
Malignant_76,recplot+gadf,1,1,1,"[0.0003020905423909426, 0.9996979236602783]"
Malignant_77,recplot+gadf,1,1,0,"[0.9421787858009338, 0.057821135967969894]"
Malignant_78,recplot+gadf,1,1,1,"[0.0016573674511164427, 0.9983426332473755]"
Malignant_82,recplot+gadf,1,1,1,"[0.00045419682282954454, 0.9995457530021667]"
Benign_3,recplot+gadf,2,0,0,"[0.9965208768844604, 0.0034791198559105396]"
Benign_5,recplot+gadf,2,0,0,"[0.9800848364830017, 0.019915154203772545]"
Benign_16,recplot+gadf,2,0,1,"[0.05333878844976425, 0.9466611742973328]"
Benign_22,recplot+gadf,2,0,0,"[0.998933732509613, 0.00106620613951236]"
Benign_32,recplot+gadf,2,0,0,"[0.9998788833618164, 0.0001211433918797411]"
Benign_34,recplot+gadf,2,0,0,"[0.9984536170959473, 0.0015463960589841008]"
Benign_39,recplot+gadf,2,0,1,"[0.0010323667665943503, 0.9989676475524902]"
Benign_49,recplot+gadf,2,0,0,"[0.7355828881263733, 0.26441705226898193]"
Benign_50,recplot+gadf,2,0,0,"[0.9560126066207886, 0.04398741573095322]"
Benign_52,recplot+gadf,2,0,0,"[0.951046884059906, 0.04895314946770668]"
Benign_54,recplot+gadf,2,0,0,"[0.8936046957969666, 0.10639528185129166]"
Benign_62,recplot+gadf,2,0,0,"[0.9657878279685974, 0.0342121459543705]"
Benign_67,recplot+gadf,2,0,0,"[0.9962288737297058, 0.003771055955439806]"
Benign_69,recplot+gadf,2,0,0,"[0.9875583648681641, 0.012441611848771572]"
Benign_70,recplot+gadf,2,0,0,"[0.9990353584289551, 0.0009646321414038539]"
Malignant_1,recplot+gadf,2,1,1,"[0.11447414755821228, 0.8855258822441101]"
Malignant_4,recplot+gadf,2,1,1,"[0.0030845028813928366, 0.9969154596328735]"
Malignant_10,recplot+gadf,2,1,1,"[0.003754500299692154, 0.9962454438209534]"
Malignant_11,recplot+gadf,2,1,1,"[0.04428427666425705, 0.9557156562805176]"
Malignant_14,recplot+gadf,2,1,1,"[0.007312494330108166, 0.992687463760376]"
Malignant_21,recplot+gadf,2,1,0,"[0.9769082069396973, 0.023091791197657585]"
Malignant_31,recplot+gadf,2,1,1,"[0.009021899662911892, 0.9909781217575073]"
Malignant_34,recplot+gadf,2,1,1,"[0.016515152528882027, 0.9834848046302795]"
Malignant_53,recplot+gadf,2,1,1,"[0.08141617476940155, 0.918583869934082]"
Malignant_54,recplot+gadf,2,1,1,"[0.4463046193122864, 0.5536953210830688]"
Malignant_60,recplot+gadf,2,1,1,"[0.004826422780752182, 0.9951736330986023]"
Malignant_64,recplot+gadf,2,1,1,"[0.01724570244550705, 0.9827542901039124]"
Malignant_67,recplot+gadf,2,1,1,"[0.0022396284621208906, 0.9977602958679199]"
Malignant_70,recplot+gadf,2,1,1,"[0.022976672276854515, 0.9770233035087585]"
Malignant_72,recplot+gadf,2,1,1,"[0.01621490903198719, 0.9837851524353027]"
Malignant_83,recplot+gadf,2,1,1,"[0.010545154102146626, 0.9894548654556274]"
Malignant_86,recplot+gadf,2,1,1,"[0.0018189291004091501, 0.9981811046600342]"
Malignant_87,recplot+gadf,2,1,1,"[0.07092128694057465, 0.9290786981582642]"
Benign_8,recplot+gadf,3,0,0,"[0.9977692365646362, 0.002230825601145625]"
Benign_12,recplot+gadf,3,0,0,"[0.8531678915023804, 0.14683207869529724]"
Benign_19,recplot+gadf,3,0,1,"[0.3969438374042511, 0.6030560731887817]"
Benign_20,recplot+gadf,3,0,1,"[0.04899563640356064, 0.9510043859481812]"
Benign_23,recplot+gadf,3,0,1,"[0.30708587169647217, 0.6929141879081726]"
Benign_24,recplot+gadf,3,0,0,"[0.539570689201355, 0.4604293704032898]"
Benign_28,recplot+gadf,3,0,0,"[0.999569833278656, 0.00043017370626330376]"
Benign_29,recplot+gadf,3,0,0,"[0.9980475902557373, 0.0019524643430486321]"
Benign_35,recplot+gadf,3,0,0,"[0.9894082546234131, 0.010591735132038593]"
Benign_40,recplot+gadf,3,0,0,"[0.9981924891471863, 0.0018075109692290425]"
Benign_44,recplot+gadf,3,0,0,"[0.9844554662704468, 0.015544493682682514]"
Benign_51,recplot+gadf,3,0,1,"[0.28332602977752686, 0.7166739702224731]"
Benign_58,recplot+gadf,3,0,1,"[0.24020878970623016, 0.7597911357879639]"
Benign_61,recplot+gadf,3,0,0,"[0.9966108202934265, 0.00338920671492815]"
Benign_63,recplot+gadf,3,0,0,"[0.9233261942863464, 0.07667381316423416]"
Malignant_2,recplot+gadf,3,1,1,"[0.0019189798040315509, 0.9980809688568115]"
Malignant_9,recplot+gadf,3,1,1,"[0.3629121780395508, 0.6370878219604492]"
Malignant_13,recplot+gadf,3,1,1,"[0.006352216470986605, 0.9936477541923523]"
Malignant_26,recplot+gadf,3,1,1,"[0.0009246036061085761, 0.9990754127502441]"
Malignant_27,recplot+gadf,3,1,1,"[0.00029038998764008284, 0.9997095465660095]"
Malignant_36,recplot+gadf,3,1,0,"[0.640515923500061, 0.35948407649993896]"
Malignant_37,recplot+gadf,3,1,1,"[0.010773621499538422, 0.9892264008522034]"
Malignant_41,recplot+gadf,3,1,1,"[0.00021643465152010322, 0.9997835755348206]"
Malignant_45,recplot+gadf,3,1,1,"[8.118156983982772e-06, 0.9999918937683105]"
Malignant_48,recplot+gadf,3,1,1,"[0.004196132533252239, 0.9958038926124573]"
Malignant_50,recplot+gadf,3,1,1,"[0.4354082942008972, 0.564591646194458]"
Malignant_55,recplot+gadf,3,1,1,"[0.01087186299264431, 0.9891281723976135]"
Malignant_56,recplot+gadf,3,1,1,"[0.0003976107109338045, 0.9996023774147034]"
Malignant_58,recplot+gadf,3,1,1,"[0.4343627989292145, 0.5656372308731079]"
Malignant_62,recplot+gadf,3,1,1,"[0.49395492672920227, 0.5060451030731201]"
Malignant_81,recplot+gadf,3,1,1,"[0.0014537388924509287, 0.9985462427139282]"
Malignant_84,recplot+gadf,3,1,1,"[0.0001092193997465074, 0.9998908042907715]"
Malignant_88,recplot+gadf,3,1,1,"[0.00013952811423223466, 0.999860405921936]"
Benign_10,recplot+gadf,4,0,0,"[0.9930061101913452, 0.006993896793574095]"
Benign_14,recplot+gadf,4,0,0,"[0.7993442416191101, 0.2006557583808899]"
Benign_17,recplot+gadf,4,0,0,"[0.9804331064224243, 0.019566891714930534]"
Benign_18,recplot+gadf,4,0,0,"[0.99896240234375, 0.0010375865967944264]"
Benign_27,recplot+gadf,4,0,0,"[0.9996669292449951, 0.00033308088313788176]"
Benign_30,recplot+gadf,4,0,0,"[0.7083332538604736, 0.29166677594184875]"
Benign_31,recplot+gadf,4,0,0,"[0.9974105954170227, 0.002589464420452714]"
Benign_33,recplot+gadf,4,0,0,"[0.9794440269470215, 0.020555920898914337]"
Benign_37,recplot+gadf,4,0,1,"[0.038529109209775925, 0.9614709615707397]"
Benign_42,recplot+gadf,4,0,0,"[0.6721547245979309, 0.3278452754020691]"
Benign_46,recplot+gadf,4,0,0,"[0.999817430973053, 0.00018264417303726077]"
Benign_47,recplot+gadf,4,0,0,"[0.9998351335525513, 0.0001647884928388521]"
Benign_53,recplot+gadf,4,0,0,"[0.9993911981582642, 0.0006087993970140815]"
Benign_66,recplot+gadf,4,0,0,"[0.9993305206298828, 0.0006694946787320077]"
Benign_74,recplot+gadf,4,0,0,"[0.9989351630210876, 0.0010648865718394518]"
Malignant_5,recplot+gadf,4,1,1,"[1.0061143257189542e-05, 0.9999899864196777]"
Malignant_12,recplot+gadf,4,1,1,"[0.003682222682982683, 0.9963177442550659]"
Malignant_22,recplot+gadf,4,1,1,"[0.022047311067581177, 0.9779526591300964]"
Malignant_23,recplot+gadf,4,1,1,"[0.0002887187001761049, 0.9997112154960632]"
Malignant_28,recplot+gadf,4,1,1,"[0.00033086357871070504, 0.9996691942214966]"
Malignant_30,recplot+gadf,4,1,1,"[0.07437650859355927, 0.9256234765052795]"
Malignant_33,recplot+gadf,4,1,1,"[1.9680564946611412e-05, 0.9999803304672241]"
Malignant_42,recplot+gadf,4,1,1,"[0.011959685012698174, 0.9880403876304626]"
Malignant_44,recplot+gadf,4,1,0,"[0.8424126505851746, 0.15758736431598663]"
Malignant_49,recplot+gadf,4,1,1,"[0.0018321099923923612, 0.998167872428894]"
Malignant_52,recplot+gadf,4,1,1,"[0.045045241713523865, 0.9549547433853149]"
Malignant_61,recplot+gadf,4,1,1,"[0.0007362667820416391, 0.9992637038230896]"
Malignant_63,recplot+gadf,4,1,1,"[3.93161790270824e-05, 0.9999606609344482]"
Malignant_71,recplot+gadf,4,1,1,"[0.05184335634112358, 0.9481565952301025]"
Malignant_75,recplot+gadf,4,1,1,"[0.11760637164115906, 0.8823935985565186]"
Malignant_79,recplot+gadf,4,1,1,"[0.06743555516004562, 0.932564377784729]"
Malignant_80,recplot+gadf,4,1,1,"[2.1438690964714624e-05, 0.9999785423278809]"
Malignant_85,recplot+gadf,4,1,1,"[0.002102184109389782, 0.997897744178772]"
Benign_2,recplot+gadf,5,0,0,"[0.9981555342674255, 0.001844404498115182]"
Benign_6,recplot+gadf,5,0,0,"[0.9959241151809692, 0.004075948614627123]"
Benign_11,recplot+gadf,5,0,0,"[0.9131407737731934, 0.08685925602912903]"
Benign_21,recplot+gadf,5,0,0,"[0.9687259793281555, 0.031274016946554184]"
Benign_25,recplot+gadf,5,0,0,"[0.998163640499115, 0.0018363222479820251]"
Benign_45,recplot+gadf,5,0,0,"[0.7580679059028625, 0.24193215370178223]"
Benign_48,recplot+gadf,5,0,0,"[0.9998792409896851, 0.00012078017607564107]"
Benign_55,recplot+gadf,5,0,0,"[0.9990229606628418, 0.00097699835896492]"
Benign_56,recplot+gadf,5,0,0,"[0.9071935415267944, 0.09280646592378616]"
Benign_59,recplot+gadf,5,0,0,"[0.9995723366737366, 0.00042768954881466925]"
Benign_60,recplot+gadf,5,0,0,"[0.9996070265769958, 0.00039295211900025606]"
Benign_64,recplot+gadf,5,0,0,"[0.9993714690208435, 0.0006285528070293367]"
Benign_71,recplot+gadf,5,0,1,"[0.18916252255439758, 0.81083744764328]"
Benign_72,recplot+gadf,5,0,0,"[0.9976139068603516, 0.0023860579822212458]"
Malignant_3,recplot+gadf,5,1,1,"[0.009817165322601795, 0.9901828169822693]"
Malignant_7,recplot+gadf,5,1,1,"[0.4227716624736786, 0.5772283673286438]"
Malignant_16,recplot+gadf,5,1,0,"[0.8517893552780151, 0.14821065962314606]"
Malignant_18,recplot+gadf,5,1,0,"[0.7191737294197083, 0.28082624077796936]"
Malignant_24,recplot+gadf,5,1,0,"[0.9532468914985657, 0.046753063797950745]"
Malignant_25,recplot+gadf,5,1,1,"[0.25502535700798035, 0.7449746131896973]"
Malignant_29,recplot+gadf,5,1,1,"[0.033774297684431076, 0.9662256836891174]"
Malignant_38,recplot+gadf,5,1,1,"[0.03809129819273949, 0.961908757686615]"
Malignant_39,recplot+gadf,5,1,0,"[0.5358432531356812, 0.4641568064689636]"
Malignant_40,recplot+gadf,5,1,1,"[0.005889700260013342, 0.9941102862358093]"
Malignant_43,recplot+gadf,5,1,1,"[0.047529853880405426, 0.9524701237678528]"
Malignant_51,recplot+gadf,5,1,0,"[0.9762393236160278, 0.023760607466101646]"
Malignant_57,recplot+gadf,5,1,1,"[0.0029626486357301474, 0.997037410736084]"
Malignant_59,recplot+gadf,5,1,1,"[0.029870547354221344, 0.9701293706893921]"
Malignant_68,recplot+gadf,5,1,0,"[0.9962124824523926, 0.003787500783801079]"
Malignant_73,recplot+gadf,5,1,1,"[0.19213445484638214, 0.8078655004501343]"
Malignant_89,recplot+gadf,5,1,1,"[0.17299145460128784, 0.8270085453987122]"
Malignant_90,recplot+gadf,5,1,0,"[0.8594793677330017, 0.1405206173658371]"
Malignant_91,recplot+gadf,5,1,1,"[0.016377471387386322, 0.9836224913597107]"
Benign_1,mtf+gasf,1,0,1,"[0.4225400984287262, 0.5774599313735962]"
Benign_4,mtf+gasf,1,0,0,"[0.7717021107673645, 0.2282978892326355]"
Benign_7,mtf+gasf,1,0,0,"[0.9571530222892761, 0.04284694418311119]"
Benign_9,mtf+gasf,1,0,1,"[0.012580422684550285, 0.9874195456504822]"
Benign_13,mtf+gasf,1,0,1,"[0.15412980318069458, 0.8458701968193054]"
Benign_15,mtf+gasf,1,0,0,"[0.7548254132270813, 0.2451745718717575]"
Benign_26,mtf+gasf,1,0,0,"[0.9785503149032593, 0.02144961804151535]"
Benign_36,mtf+gasf,1,0,0,"[0.9921810626983643, 0.007818936370313168]"
Benign_38,mtf+gasf,1,0,1,"[0.04645414277911186, 0.953545868396759]"
Benign_41,mtf+gasf,1,0,0,"[0.9932510256767273, 0.006748897023499012]"
Benign_43,mtf+gasf,1,0,0,"[0.9986419081687927, 0.0013581507373601198]"
Benign_57,mtf+gasf,1,0,0,"[0.7002614736557007, 0.2997385561466217]"
Benign_65,mtf+gasf,1,0,1,"[0.27723515033721924, 0.7227648496627808]"
Benign_68,mtf+gasf,1,0,0,"[0.992644190788269, 0.00735577754676342]"
Benign_73,mtf+gasf,1,0,1,"[0.0010685673914849758, 0.9989314675331116]"
Malignant_6,mtf+gasf,1,1,1,"[0.2724350094795227, 0.7275650501251221]"
Malignant_8,mtf+gasf,1,1,1,"[0.017148172482848167, 0.9828518629074097]"
Malignant_15,mtf+gasf,1,1,1,"[0.03269273415207863, 0.9673073291778564]"
Malignant_17,mtf+gasf,1,1,1,"[0.00957978330552578, 0.9904202818870544]"
Malignant_19,mtf+gasf,1,1,1,"[0.0625256672501564, 0.9374743103981018]"
Malignant_20,mtf+gasf,1,1,0,"[0.9907153844833374, 0.009284586645662785]"
Malignant_32,mtf+gasf,1,1,1,"[6.182179276947863e-06, 0.9999938011169434]"
Malignant_35,mtf+gasf,1,1,1,"[0.004219412803649902, 0.9957805871963501]"
Malignant_46,mtf+gasf,1,1,1,"[8.021488362430773e-09, 1.0]"
Malignant_47,mtf+gasf,1,1,1,"[0.04007402062416077, 0.9599260091781616]"
Malignant_65,mtf+gasf,1,1,1,"[0.0013433549320325255, 0.9986566305160522]"
Malignant_66,mtf+gasf,1,1,1,"[0.028004957363009453, 0.9719950556755066]"
Malignant_69,mtf+gasf,1,1,1,"[0.009177116677165031, 0.9908229112625122]"
Malignant_74,mtf+gasf,1,1,1,"[0.016967127099633217, 0.9830328822135925]"
Malignant_76,mtf+gasf,1,1,1,"[0.023690592497587204, 0.9763094782829285]"
Malignant_77,mtf+gasf,1,1,0,"[0.9575881361961365, 0.04241189360618591]"
Malignant_78,mtf+gasf,1,1,0,"[0.9837645888328552, 0.016235366463661194]"
Malignant_82,mtf+gasf,1,1,1,"[1.6631169273750857e-05, 0.9999833106994629]"
Benign_3,mtf+gasf,2,0,0,"[0.8293975591659546, 0.1706024706363678]"
Benign_5,mtf+gasf,2,0,1,"[0.29753124713897705, 0.702468752861023]"
Benign_16,mtf+gasf,2,0,1,"[0.30996814370155334, 0.6900318264961243]"
Benign_22,mtf+gasf,2,0,0,"[0.9996815919876099, 0.0003184534434694797]"
Benign_32,mtf+gasf,2,0,0,"[0.9807974696159363, 0.019202454015612602]"
Benign_34,mtf+gasf,2,0,0,"[0.9999716281890869, 2.831461461028084e-05]"
Benign_39,mtf+gasf,2,0,1,"[0.0018342240946367383, 0.9981657862663269]"
Benign_49,mtf+gasf,2,0,0,"[0.9997579455375671, 0.00024203522480092943]"
Benign_50,mtf+gasf,2,0,0,"[0.9749270677566528, 0.025072921067476273]"
Benign_52,mtf+gasf,2,0,1,"[0.0008015415514819324, 0.9991984963417053]"
Benign_54,mtf+gasf,2,0,0,"[0.9949272871017456, 0.0050726961344480515]"
Benign_62,mtf+gasf,2,0,1,"[0.01772327721118927, 0.9822767376899719]"
Benign_67,mtf+gasf,2,0,1,"[0.0003012518573086709, 0.9996987581253052]"
Benign_69,mtf+gasf,2,0,0,"[0.9967091083526611, 0.00329084531404078]"
Benign_70,mtf+gasf,2,0,0,"[0.9991040825843811, 0.0008958541438914835]"
Malignant_1,mtf+gasf,2,1,0,"[0.8411781787872314, 0.15882188081741333]"
Malignant_4,mtf+gasf,2,1,1,"[0.02150978147983551, 0.9784901738166809]"
Malignant_10,mtf+gasf,2,1,0,"[0.7405688762664795, 0.2594311535358429]"
Malignant_11,mtf+gasf,2,1,1,"[0.008276442065834999, 0.9917235970497131]"
Malignant_14,mtf+gasf,2,1,1,"[0.004178631119430065, 0.9958213567733765]"
Malignant_21,mtf+gasf,2,1,1,"[0.3032185435295105, 0.6967814564704895]"
Malignant_31,mtf+gasf,2,1,0,"[0.9666448831558228, 0.03335513174533844]"
Malignant_34,mtf+gasf,2,1,0,"[0.9700006246566772, 0.029999393969774246]"
Malignant_53,mtf+gasf,2,1,1,"[0.0021418079268187284, 0.9978582262992859]"
Malignant_54,mtf+gasf,2,1,1,"[6.950639362912625e-05, 0.9999305009841919]"
Malignant_60,mtf+gasf,2,1,1,"[0.0738474428653717, 0.9261525273323059]"
Malignant_64,mtf+gasf,2,1,0,"[0.7415403723716736, 0.2584596574306488]"
Malignant_67,mtf+gasf,2,1,1,"[0.25077542662620544, 0.7492246031761169]"
Malignant_70,mtf+gasf,2,1,1,"[0.006606896873563528, 0.9933931231498718]"
Malignant_72,mtf+gasf,2,1,1,"[0.0017685233615338802, 0.9982314705848694]"
Malignant_83,mtf+gasf,2,1,1,"[0.17408668994903564, 0.8259133100509644]"
Malignant_86,mtf+gasf,2,1,1,"[0.00010075434693135321, 0.9998992681503296]"
Malignant_87,mtf+gasf,2,1,1,"[0.0041299848817288876, 0.995870053768158]"
Benign_8,mtf+gasf,3,0,0,"[0.9750350713729858, 0.02496495470404625]"
Benign_12,mtf+gasf,3,0,1,"[0.49376699328422546, 0.5062330365180969]"
Benign_19,mtf+gasf,3,0,0,"[0.9713989496231079, 0.028601035475730896]"
Benign_20,mtf+gasf,3,0,0,"[0.8579861521720886, 0.14201387763023376]"
Benign_23,mtf+gasf,3,0,0,"[0.621079683303833, 0.37892037630081177]"
Benign_24,mtf+gasf,3,0,1,"[0.04100903868675232, 0.9589909315109253]"
Benign_28,mtf+gasf,3,0,1,"[0.005442487541586161, 0.9945574998855591]"
Benign_29,mtf+gasf,3,0,1,"[0.19717444479465485, 0.8028255701065063]"
Benign_35,mtf+gasf,3,0,0,"[0.9999074935913086, 9.251380106434226e-05]"
Benign_40,mtf+gasf,3,0,0,"[0.9897822141647339, 0.010217832401394844]"
Benign_44,mtf+gasf,3,0,0,"[0.8879183530807495, 0.11208157986402512]"
Benign_51,mtf+gasf,3,0,0,"[0.9999040365219116, 9.600908379070461e-05]"
Benign_58,mtf+gasf,3,0,0,"[0.9955167174339294, 0.004483337979763746]"
Benign_61,mtf+gasf,3,0,0,"[0.9993832111358643, 0.000616714300122112]"
Benign_63,mtf+gasf,3,0,0,"[0.9956854581832886, 0.004314587451517582]"
Malignant_2,mtf+gasf,3,1,0,"[0.8852941989898682, 0.11470577865839005]"
Malignant_9,mtf+gasf,3,1,1,"[0.0005953159998171031, 0.9994046688079834]"
Malignant_13,mtf+gasf,3,1,1,"[0.482902467250824, 0.5170975923538208]"
Malignant_26,mtf+gasf,3,1,0,"[0.9976300001144409, 0.002370019443333149]"
Malignant_27,mtf+gasf,3,1,1,"[0.49760520458221436, 0.5023948550224304]"
Malignant_36,mtf+gasf,3,1,1,"[0.015452472493052483, 0.9845475554466248]"
Malignant_37,mtf+gasf,3,1,0,"[0.997614860534668, 0.002385112689808011]"
Malignant_41,mtf+gasf,3,1,0,"[0.9950851798057556, 0.004914827644824982]"
Malignant_45,mtf+gasf,3,1,0,"[0.958945095539093, 0.04105495661497116]"
Malignant_48,mtf+gasf,3,1,0,"[0.750043511390686, 0.24995645880699158]"
Malignant_50,mtf+gasf,3,1,1,"[0.42373061180114746, 0.5762693881988525]"
Malignant_55,mtf+gasf,3,1,0,"[0.7057828903198242, 0.2942171096801758]"
Malignant_56,mtf+gasf,3,1,0,"[0.9949784874916077, 0.005021543242037296]"
Malignant_58,mtf+gasf,3,1,1,"[0.2331147938966751, 0.7668851613998413]"
Malignant_62,mtf+gasf,3,1,0,"[0.9816587567329407, 0.018341263756155968]"
Malignant_81,mtf+gasf,3,1,0,"[0.7790941596031189, 0.22090581059455872]"
Malignant_84,mtf+gasf,3,1,1,"[0.0010484512895345688, 0.9989515542984009]"
Malignant_88,mtf+gasf,3,1,0,"[0.5624664425849915, 0.43753358721733093]"
Benign_10,mtf+gasf,4,0,0,"[0.9485166072845459, 0.05148336663842201]"
Benign_14,mtf+gasf,4,0,1,"[0.11652539670467377, 0.883474588394165]"
Benign_17,mtf+gasf,4,0,1,"[0.005883709527552128, 0.9941163063049316]"
Benign_18,mtf+gasf,4,0,1,"[0.10183494538068771, 0.8981650471687317]"
Benign_27,mtf+gasf,4,0,1,"[0.0081932432949543, 0.9918067455291748]"
Benign_30,mtf+gasf,4,0,0,"[0.8320474028587341, 0.16795261204242706]"
Benign_31,mtf+gasf,4,0,0,"[0.7774710059165955, 0.22252899408340454]"
Benign_33,mtf+gasf,4,0,1,"[0.1609349101781845, 0.8390651345252991]"
Benign_37,mtf+gasf,4,0,0,"[0.9649516344070435, 0.03504834696650505]"
Benign_42,mtf+gasf,4,0,1,"[0.005738196428865194, 0.9942618608474731]"
Benign_46,mtf+gasf,4,0,0,"[0.9662684202194214, 0.03373156487941742]"
Benign_47,mtf+gasf,4,0,1,"[0.0005255973665043712, 0.9994744658470154]"
Benign_53,mtf+gasf,4,0,0,"[0.9899589419364929, 0.010041034780442715]"
Benign_66,mtf+gasf,4,0,0,"[0.9328121542930603, 0.06718787550926208]"
Benign_74,mtf+gasf,4,0,1,"[0.014196623116731644, 0.9858033657073975]"
Malignant_5,mtf+gasf,4,1,1,"[6.910508818691596e-05, 0.9999308586120605]"
Malignant_12,mtf+gasf,4,1,1,"[6.401583959814161e-06, 0.9999935626983643]"
Malignant_22,mtf+gasf,4,1,1,"[0.19880034029483795, 0.8011996150016785]"
Malignant_23,mtf+gasf,4,1,1,"[2.2073743366490817e-06, 0.9999977350234985]"
Malignant_28,mtf+gasf,4,1,1,"[0.0006370764458552003, 0.9993628859519958]"
Malignant_30,mtf+gasf,4,1,1,"[0.0008966649766080081, 0.999103307723999]"
Malignant_33,mtf+gasf,4,1,1,"[0.00047077573253773153, 0.999529242515564]"
Malignant_42,mtf+gasf,4,1,1,"[0.003751505399122834, 0.9962485432624817]"
Malignant_44,mtf+gasf,4,1,0,"[0.7317740321159363, 0.2682260274887085]"
Malignant_49,mtf+gasf,4,1,1,"[2.028799644904211e-05, 0.9999797344207764]"
Malignant_52,mtf+gasf,4,1,1,"[0.019711008295416832, 0.9802889227867126]"
Malignant_61,mtf+gasf,4,1,1,"[0.030165553092956543, 0.9698343873023987]"
Malignant_63,mtf+gasf,4,1,1,"[0.0029099483508616686, 0.9970899820327759]"
Malignant_71,mtf+gasf,4,1,1,"[0.02337157167494297, 0.9766284227371216]"
Malignant_75,mtf+gasf,4,1,1,"[0.009352964349091053, 0.99064701795578]"
Malignant_79,mtf+gasf,4,1,1,"[0.09228559583425522, 0.9077143669128418]"
Malignant_80,mtf+gasf,4,1,1,"[0.017304813489317894, 0.9826951622962952]"
Malignant_85,mtf+gasf,4,1,1,"[0.0001472694711992517, 0.9998526573181152]"
